/*
SQLyog Community v13.1.9 (64 bit)
MySQL - 10.4.24-MariaDB : Database - bookocracy
*********************************************************************
*/

/*!40101 SET NAMES utf8 */;

/*!40101 SET SQL_MODE=''*/;

/*!40014 SET @OLD_UNIQUE_CHECKS=@@UNIQUE_CHECKS, UNIQUE_CHECKS=0 */;
/*!40014 SET @OLD_FOREIGN_KEY_CHECKS=@@FOREIGN_KEY_CHECKS, FOREIGN_KEY_CHECKS=0 */;
/*!40101 SET @OLD_SQL_MODE=@@SQL_MODE, SQL_MODE='NO_AUTO_VALUE_ON_ZERO' */;
/*!40111 SET @OLD_SQL_NOTES=@@SQL_NOTES, SQL_NOTES=0 */;
CREATE DATABASE /*!32312 IF NOT EXISTS*/`bookocracy` /*!40100 DEFAULT CHARACTER SET utf8mb4 */;

USE `bookocracy`;

/*Table structure for table `accounts` */

DROP TABLE IF EXISTS `accounts`;

CREATE TABLE `accounts` (
  `AID` int(11) NOT NULL AUTO_INCREMENT,
  `Profile_Photo` varchar(100) NOT NULL DEFAULT 'no_file',
  `Cover_Photo` varchar(100) DEFAULT 'reader-bg.jpg',
  `Full_Name` varchar(50) NOT NULL,
  `Username` varchar(25) NOT NULL,
  `Phone_Number` varchar(25) DEFAULT NULL,
  `Birth_Date` date NOT NULL,
  `Credits` int(11) NOT NULL DEFAULT 0,
  `Votes_Credit` int(11) NOT NULL,
  `Email` varchar(50) NOT NULL,
  `Password` varchar(300) DEFAULT NULL,
  `Account_Status` varchar(225) DEFAULT '0',
  `Account_SuspendDay` varchar(225) DEFAULT NULL,
  `Type` varchar(225) NOT NULL,
  `Date_created` timestamp NULL DEFAULT NULL,
  PRIMARY KEY (`AID`)
) ENGINE=InnoDB AUTO_INCREMENT=11 DEFAULT CHARSET=latin1 ROW_FORMAT=COMPACT;

/*Data for the table `accounts` */

insert  into `accounts`(`AID`,`Profile_Photo`,`Cover_Photo`,`Full_Name`,`Username`,`Phone_Number`,`Birth_Date`,`Credits`,`Votes_Credit`,`Email`,`Password`,`Account_Status`,`Account_SuspendDay`,`Type`,`Date_created`) values 
(1,'gwapo.jpg','19680.jpg','HONORÉE FANONNE JEFFERS','JEFFERS','091715216412','2009-01-21',4054,0,'Fanonne@gmail.com','759730a97e4373f3a0ee12805db065e3a4a649a5','0','2022-10-23 19:14:24','Author','2022-03-01 22:06:43'),
(3,'no_file','reader-bg.jpg','JANICE HALLETT','HALLETT','091714236412','2009-01-01',45,12,'Hallet@gmail.com','759730a97e4373f3a0ee12805db065e3a4a649a5','0',NULL,'Author','2022-08-01 21:09:02'),
(4,'no_file','reader-bg.jpg','DIANE CHAMBERLAIN','CHAMBERLAIN','091715216317','2022-09-02',10,5,'Chamberlain@gmail.com','$2y$10$rZthhcdWGWfbDBRWKYd75ORwYp6bdl5eacdSv6Jji04tRn/SHMQjS','0','','Author','2022-09-20 21:09:00'),
(5,'no_file','reader-bg.jpg','DANYA KUKAFKA','KUKAFKA','091715616416','2022-09-03',10,5,'Kukafka@gmail.com','$2y$10$OmtKX.iuQscL9VQvwCrEiOt7spd/dWxUaMCvRP0cR97q2c0KDNtJK','0','2022-10-23 19:14:10','User','2022-09-20 21:09:03'),
(10,'no_file','reader-bg.jpg','SARAH VAUGHAN','VAUGHAN','091718216812','2022-09-15',10,-5,'Vaughan@gmail.com','759730a97e4373f3a0ee12805db065e3a4a649a5','0',NULL,'User','2022-09-20 21:09:04');

/*Table structure for table `admin` */

DROP TABLE IF EXISTS `admin`;

CREATE TABLE `admin` (
  `Id` int(11) NOT NULL AUTO_INCREMENT,
  `Full_Name` varchar(50) NOT NULL,
  `Username` varchar(25) NOT NULL,
  `Phone_Number` varchar(25) DEFAULT NULL,
  `Birth_Date` date NOT NULL,
  `Email` varchar(50) NOT NULL,
  `Password` varchar(300) DEFAULT NULL,
  PRIMARY KEY (`Id`)
) ENGINE=InnoDB AUTO_INCREMENT=11 DEFAULT CHARSET=latin1 ROW_FORMAT=COMPACT;

/*Data for the table `admin` */

insert  into `admin`(`Id`,`Full_Name`,`Username`,`Phone_Number`,`Birth_Date`,`Email`,`Password`) values 
(1,'Jose Mari Chan','Chan','1234','2009-01-21','johnernest.catungal1997@gmail.com','123456789'),
(3,'Justine Jusi','Justine','112233','2009-01-01','Justinejusi98@gmail.com','759730a97e4373f3a0ee12805db065e3a4a649a5'),
(4,'Test','test','1','2022-09-02','test@sample.com','$2y$10$rZthhcdWGWfbDBRWKYd75ORwYp6bdl5eacdSv6Jji04tRn/SHMQjS'),
(5,'My Test','test','123123123','2022-09-03','mytest@sample.com','$2y$10$OmtKX.iuQscL9VQvwCrEiOt7spd/dWxUaMCvRP0cR97q2c0KDNtJK'),
(10,'Justine Jusi','Justine','123','2022-09-15','justine@bookocracy.com','759730a97e4373f3a0ee12805db065e3a4a649a5');

/*Table structure for table `book` */

DROP TABLE IF EXISTS `book`;

CREATE TABLE `book` (
  `Book_ID` int(11) NOT NULL AUTO_INCREMENT,
  `AID` int(11) NOT NULL,
  `Book_Title` varchar(100) DEFAULT NULL,
  `Book_Cover` varchar(100) NOT NULL,
  `Book_Category` varchar(50) NOT NULL,
  `Book_Tag` varchar(100) NOT NULL,
  `Book_Description` text NOT NULL,
  `Book_Status` varchar(11) NOT NULL COMMENT '2 = Writing 1 = Unpublish 0 = Publish ',
  `Date_Time` datetime NOT NULL DEFAULT current_timestamp(),
  PRIMARY KEY (`Book_ID`)
) ENGINE=InnoDB AUTO_INCREMENT=31 DEFAULT CHARSET=latin1;

/*Data for the table `book` */

insert  into `book`(`Book_ID`,`AID`,`Book_Title`,`Book_Cover`,`Book_Category`,`Book_Tag`,`Book_Description`,`Book_Status`,`Date_Time`) values 
(2,1,'The Best We Could Do','book-seven.jpg','Adventure','Life in Books','Don Quixote (/?d?n ki??ho?ti/, also US: /-te?/)[1] is a Spanish epic novel by Miguel de Cervantes. Originally published in two parts, in 1605 and 1615, its full title is The Ingenious Gentleman Don Quixote of La Mancha or, in Spanish, El ingenioso hidalgo (or caballero, in Part 2) don Quijote de la Mancha.[a] A founding work of Western literature, it is often labelled as the first modern novel[2][3] and one of the greatest works ever written.[4][5] Don Quixote is also one of the most-translated books in the world.[6]\r\n\r\nThe plot revolves around the adventures of a member of the lowest nobility, an hidalgo from La Mancha named Alonso Quijano, who reads so many chivalric romances that he either loses or pretends to have lost his mind in order to become a knight-errant (caballero andante) to revive chivalry and serve his nation, under the name Don Quixote de la Mancha (in modern-day Spanish, spelled Quijote). He recruits a simple farmer, Sancho Panza, as his squire, who often employs a unique, earthy wit in dealing with Don Quixote\'s rhetorical monologues on knighthood, already considered old-fashioned at the time, and representing the most droll realism in contrast to his master\'s idealism. In the first part of the book, Don Quixote does not see the world for what it is and prefers to imagine that he is living out a knightly story that\'s meant for the annals of all time.\r\n\r\nThe book had a major influence on the literary community, as evidenced by direct references in Alexandre Dumas\' The Three Musketeers (1844), Mark Twain\'s Adventures of Huckleberry Finn (1884), and Edmond Rostand\'s Cyrano de Bergerac (1897), as well as the word quixotic and the epithet Lothario; the latter refers to a character in \"El curioso impertinente\" (\"The Impertinently Curious Man\"), an intercalated story that appears in Part One, chapters 33–35.[citation needed]\r\n\r\nWhen first published, Don Quixote was usually interpreted as a comic novel. After the successful French Revolution, it was better known for its presumed central ethic that in some ways individuals can be intelligent while their society is quite fanciful and was seen as a fascinating, enchanting or disenchanting book in this dynamic (and for among books). In the 19th century, it was seen as social commentary, but no one could easily tell \"whose side Cervantes was on\". Many critics came to view the work as a tragedy in which Don Quixote\'s idealism and nobility are viewed by the post-chivalric world as insane, and are defeated and rendered useless by common reality; by the 20th century, the novel had come to occupy a canonical space as one of the foundations of letters in literature.','0','2022-08-30 22:25:52'),
(3,3,'Habits','habits.png','Classics','Fall Books','orem ipsum dolor sit amet, consectetur adipiscing elit. Nulla est purus, ultrices in porttitor\r\nin, accumsan non quam. Nam consectetur porttitor rhoncus. Curabitur eu est et leo feugiat\r\nauctor vel quis lorem. Ut et ligula dolor, sit amet consequat lorem. Aliquam porta eros sed\r\nvelit imperdiet egestas. Maecenas tempus eros ut diam ullamcorper id dictum libero\r\ntempor. Donec quis augue quis magna condimentum lobortis. Quisque imperdiet ipsum vel\r\nmagna viverra rutrum. Cras viverra molestie urna, vitae vestibulum turpis varius id.\r\nVestibulum mollis, arcu iaculis bibendum varius, velit sapien blandit metus, ac posuere lorem\r\nnulla ac dolor. Maecenas urna elit, tincidunt in dapibus nec, vehicula eu dui. Duis lacinia\r\nfringilla massa. Cum sociis natoque penatibus et magnis dis parturient montes, nascetur\r\nridiculus mus. U','0','2022-08-30 22:29:07'),
(4,3,'Don Quixote','book-eight.jpg','Suspense','Shelfie by Shelfie','Don Quixote (/?d?n ki??ho?ti/, also US: /-te?/)[1] is a Spanish epic novel by Miguel de Cervantes. Originally published in two parts, in 1605 and 1615, its full title is The Ingenious Gentleman Don Quixote of La Mancha or, in Spanish, El ingenioso hidalgo (or caballero, in Part 2) don Quijote de la Mancha.[a] A founding work of Western literature, it is often labelled as the first modern novel[2][3] and one of the greatest works ever written.[4][5] Don Quixote is also one of the most-translated books in the world.[6]\r\n\r\nThe plot revolves around the adventures of a member of the lowest nobility, an hidalgo from La Mancha named Alonso Quijano, who reads so many chivalric romances that he either loses or pretends to have lost his mind in order to become a knight-errant (caballero andante) to revive chivalry and serve his nation, under the name Don Quixote de la Mancha (in modern-day Spanish, spelled Quijote). He recruits a simple farmer, Sancho Panza, as his squire, who often employs a unique, earthy wit in dealing with Don Quixote\'s rhetorical monologues on knighthood, already considered old-fashioned at the time, and representing the most droll realism in contrast to his master\'s idealism. In the first part of the book, Don Quixote does not see the world for what it is and prefers to imagine that he is living out a knightly story that\'s meant for the annals of all time.\r\n\r\nThe book had a major influence on the literary community, as evidenced by direct references in Alexandre Dumas\' The Three Musketeers (1844), Mark Twain\'s Adventures of Huckleberry Finn (1884), and Edmond Rostand\'s Cyrano de Bergerac (1897), as well as the word quixotic and the epithet Lothario; the latter refers to a character in \"El curioso impertinente\" (\"The Impertinently Curious Man\"), an intercalated story that appears in Part One, chapters 33–35.[citation needed]\r\n\r\nWhen first published, Don Quixote was usually interpreted as a comic novel. After the successful French Revolution, it was better known for its presumed central ethic that in some ways individuals can be intelligent while their society is quite fanciful and was seen as a fascinating, enchanting or disenchanting book in this dynamic (and for among books). In the 19th century, it was seen as social commentary, but no one could easily tell \"whose side Cervantes was on\". Many critics came to view the work as a tragedy in which Don Quixote\'s idealism and nobility are viewed by the post-chivalric world as insane, and are defeated and rendered useless by common reality; by the 20th century, the novel had come to occupy a canonical space as one of the foundations of letters in literature.','0','2022-08-30 22:34:43'),
(6,1,'In Search of Lost Time ','housev101.png','Thriller','Reading Habits:','asd','0','2022-09-01 21:24:48'),
(21,1,'One Hundred Years of Solitude','amico.png','Adult','Spring Cleaning','aasdasd','0','2022-09-14 21:19:22'),
(25,1,'The Brothers Karamazov','#amico_test.png','Thriller','Writer’s Tag','asd','1','2022-09-15 03:20:42'),
(26,1,'Crime and Punishment','Gutter_Cleaning_Tacoma_Pressure_Washing_Safety_Pointers.jpeg','Adventure','Spring Cleaning','asd','1','2022-09-17 00:20:07'),
(30,10,'The Catcher in the Rye','19680.jpg','Adventure','Shelfie by Shelfie','123asdasd','0','2022-09-17 02:14:11');

/*Table structure for table `book_chapter` */

DROP TABLE IF EXISTS `book_chapter`;

CREATE TABLE `book_chapter` (
  `Chapter_ID` int(11) NOT NULL AUTO_INCREMENT,
  `Chapter_No` int(11) NOT NULL,
  `Book_ID` int(11) NOT NULL,
  `Chapter_Title` varchar(100) NOT NULL,
  `Chapter_Content` text NOT NULL,
  `Date_Time` datetime NOT NULL DEFAULT current_timestamp(),
  PRIMARY KEY (`Chapter_ID`)
) ENGINE=InnoDB AUTO_INCREMENT=31 DEFAULT CHARSET=latin1;

/*Data for the table `book_chapter` */

insert  into `book_chapter`(`Chapter_ID`,`Chapter_No`,`Book_ID`,`Chapter_Title`,`Chapter_Content`,`Date_Time`) values 
(3,1,3,'My new chapter','<p>test</p>','2022-08-16 00:08:12'),
(4,1,6,'chap chap','<p>sdasdasdasdasda</p>','2022-08-17 22:17:49'),
(14,1,2,'First Adventure','<p>orem ipsum dolor sit amet, consectetur adipiscing elit. Nulla est purus, ultrices in porttitor<br>in, accumsan non quam. Nam consectetur porttitor rhoncus. Curabitur eu est et leo feugiat<br>auctor vel quis lorem. Ut et ligula dolor, sit amet consequat lorem. Aliquam porta eros sed<br>velit imperdiet egestas. Maecenas tempus eros ut diam ullamcorper id dictum libero<br>tempor. Donec quis augue quis magna condimentum lobortis. Quisque imperdiet ipsum vel<br>magna viverra rutrum. Cras viverra molestie urna, vitae vestibulum turpis varius id.<br>Vestibulum mollis, arcu iaculis bibendum varius, velit sapien blandit metus, ac posuere lorem<br>nulla ac dolor. Maecenas urna elit, tincidunt in dapibus nec, vehicula eu dui. Duis lacinia<br>fringilla massa. Cum sociis natoque penatibus et magnis dis parturient montes, nascetur<br>ridiculus mus. U</p>','2022-08-30 22:26:06'),
(15,1,4,'She Lost','<p>orem ipsum dolor sit amet, consectetur adipiscing elit. Nulla est purus, ultrices in porttitor<br>in, accumsan non quam. Nam consectetur porttitor rhoncus. Curabitur eu est et leo feugiat<br>auctor vel quis lorem. Ut et ligula dolor, sit amet consequat lorem. Aliquam porta eros sed<br>velit imperdiet egestas. Maecenas tempus eros ut diam ullamcorper id dictum libero<br>tempor. Donec quis augue quis magna condimentum lobortis. Quisque imperdiet ipsum vel<br>magna viverra rutrum. Cras viverra molestie urna, vitae vestibulum turpis varius id.<br>Vestibulum mollis, arcu iaculis bibendum varius, velit sapien blandit metus, ac posuere lorem<br>nulla ac dolor. Maecenas urna elit, tincidunt in dapibus nec, vehicula eu dui. Duis lacinia<br>fringilla massa. Cum sociis natoque penatibus et magnis dis parturient montes, nascetur<br>ridiculus mus. U</p>','2022-08-30 22:35:08'),
(16,1,8,'test','<p>asdasd</p>','2022-09-02 20:42:31'),
(17,1,9,'test','<p>aasd</p>','2022-09-02 23:49:18'),
(18,1,11,'asd','<p>asd</p>','2022-09-05 22:45:03'),
(19,1,13,'12123','<p>123123</p>','2022-09-07 08:23:01'),
(25,1,21,'asd','asdasdasd','2022-09-14 21:19:28'),
(28,2,2,'Second','','2022-09-15 03:49:10'),
(29,3,2,'hello','john ernest r catungal is you three\r\n','2022-09-15 03:49:17'),
(30,4,2,'test','<p>asdas</p>','2022-09-17 02:14:24');

/*Table structure for table `chapter_view` */

DROP TABLE IF EXISTS `chapter_view`;

CREATE TABLE `chapter_view` (
  `CV_ID` int(11) NOT NULL AUTO_INCREMENT,
  `Chapter_ID` int(11) NOT NULL,
  `AID` int(11) NOT NULL,
  `R_Stat` varchar(11) NOT NULL,
  PRIMARY KEY (`CV_ID`)
) ENGINE=InnoDB AUTO_INCREMENT=7 DEFAULT CHARSET=latin1;

/*Data for the table `chapter_view` */

insert  into `chapter_view`(`CV_ID`,`Chapter_ID`,`AID`,`R_Stat`) values 
(1,1,0,'1'),
(2,4,0,'1'),
(3,4,0,'1'),
(4,4,0,'1'),
(5,4,0,'1'),
(6,4,0,'1');

/*Table structure for table `coupon_logs` */

DROP TABLE IF EXISTS `coupon_logs`;

CREATE TABLE `coupon_logs` (
  `Clogs_ID` int(11) NOT NULL AUTO_INCREMENT,
  `Coupon_Code` varchar(15) NOT NULL,
  `AID` int(11) NOT NULL,
  `Date_Time` datetime NOT NULL DEFAULT current_timestamp(),
  PRIMARY KEY (`Clogs_ID`)
) ENGINE=InnoDB AUTO_INCREMENT=13 DEFAULT CHARSET=latin1;

/*Data for the table `coupon_logs` */

/*Table structure for table `coupons` */

DROP TABLE IF EXISTS `coupons`;

CREATE TABLE `coupons` (
  `Coupon_ID` int(11) NOT NULL AUTO_INCREMENT,
  `Coupon_Code` varchar(15) NOT NULL,
  `Quantity` int(11) NOT NULL,
  `Amount` decimal(18,2) NOT NULL,
  PRIMARY KEY (`Coupon_ID`)
) ENGINE=InnoDB AUTO_INCREMENT=3 DEFAULT CHARSET=latin1;

/*Data for the table `coupons` */

insert  into `coupons`(`Coupon_ID`,`Coupon_Code`,`Quantity`,`Amount`) values 
(2,'BKCYJT',100,10.00);

/*Table structure for table `gift` */

DROP TABLE IF EXISTS `gift`;

CREATE TABLE `gift` (
  `GID` int(11) NOT NULL AUTO_INCREMENT,
  `AID` int(11) NOT NULL,
  `Book_ID` int(11) NOT NULL,
  `Chapter_ID` int(11) NOT NULL,
  `Gift_Amount` int(11) NOT NULL,
  PRIMARY KEY (`GID`)
) ENGINE=InnoDB AUTO_INCREMENT=4 DEFAULT CHARSET=latin1;

/*Data for the table `gift` */

insert  into `gift`(`GID`,`AID`,`Book_ID`,`Chapter_ID`,`Gift_Amount`) values 
(1,3,1,2,20),
(2,3,2,14,1000),
(3,3,3,3,500);

/*Table structure for table `gift_wallet` */

DROP TABLE IF EXISTS `gift_wallet`;

CREATE TABLE `gift_wallet` (
  `GID` int(11) NOT NULL AUTO_INCREMENT,
  `AID` int(11) NOT NULL,
  `Book_ID` int(11) NOT NULL,
  `Sender` varchar(50) NOT NULL,
  `Gift_Amount` decimal(18,2) NOT NULL,
  PRIMARY KEY (`GID`)
) ENGINE=InnoDB AUTO_INCREMENT=4 DEFAULT CHARSET=latin1;

/*Data for the table `gift_wallet` */

insert  into `gift_wallet`(`GID`,`AID`,`Book_ID`,`Sender`,`Gift_Amount`) values 
(1,1,1,'Justine Jusi',10.00),
(2,1,2,'Justine Jusi',500.00),
(3,3,3,'Justine Jusi',250.00);

/*Table structure for table `tbl_user` */

DROP TABLE IF EXISTS `tbl_user`;

CREATE TABLE `tbl_user` (
  `id` int(11) NOT NULL AUTO_INCREMENT,
  `first_name` varchar(200) NOT NULL,
  `last_name` varchar(200) NOT NULL,
  PRIMARY KEY (`id`)
) ENGINE=MyISAM AUTO_INCREMENT=95 DEFAULT CHARSET=latin1;

/*Data for the table `tbl_user` */

insert  into `tbl_user`(`id`,`first_name`,`last_name`) values 
(91,'Harold','Jones'),
(89,'Christine','Smith'),
(88,'Marker','Angela'),
(87,'Romeo','Mary'),
(86,'Smith','John');

/*Table structure for table `transaction_details` */

DROP TABLE IF EXISTS `transaction_details`;

CREATE TABLE `transaction_details` (
  `TDID` int(11) NOT NULL AUTO_INCREMENT,
  `TID` int(11) NOT NULL,
  `First_Name` varchar(25) NOT NULL,
  `Last_Name` varchar(25) NOT NULL,
  `Email` varchar(25) NOT NULL,
  `Street_Address` varchar(100) NOT NULL,
  `State` varchar(25) NOT NULL,
  `City` varchar(25) NOT NULL,
  `Postal_Code` int(11) NOT NULL,
  `Phone_Number` int(11) NOT NULL,
  PRIMARY KEY (`TDID`)
) ENGINE=InnoDB AUTO_INCREMENT=36 DEFAULT CHARSET=latin1;

/*Data for the table `transaction_details` */

insert  into `transaction_details`(`TDID`,`TID`,`First_Name`,`Last_Name`,`Email`,`Street_Address`,`State`,`City`,`Postal_Code`,`Phone_Number`) values 
(1,1,'test','121','1@1.com','1','12','1',1,1),
(2,2,'jus','tin','jus@gmail.com','12','1','1',12,12),
(3,3,'justin','maleon','justinemaleon@gmail.com','123','1','1',1,1),
(4,4,'Justine','Jusi','justinejusi98@gmail.com','test','1','1',1,11),
(5,5,'test','mari','maritest@gmail.com','123','1','1',1,1),
(6,6,'test','lang','test@gmail.com','123','1','1',1,1),
(7,7,'asdas','asd','tqea@gmail.com','342','2','2',2,2),
(8,8,'test','ts','test@gmail.com','123','1','1',11,1),
(9,9,'test','test','test@gmail.com','11','1','1',1,1),
(10,10,'justin','justi','test@gmail.com','1','1','1',1,1),
(11,11,'1','11','1@gmail.com','1','1','1',1,1),
(12,12,'qwe','we','we@gmail.com','we','1','1',1,1),
(13,13,'tast','asd','test@gmail.com','dasd','sad','231',123,123),
(14,14,'test','asdas','justine@gmail.com','123','teste','123',123,123),
(15,15,'test','na','working@gmail.com','asdasd','asdaw','1',1,1),
(16,16,'1','1','1@1.com','1','1','1',1,1),
(17,17,'teast','1','1@gmail.com','1','1','1',11,1),
(18,18,'1','1','1@1.com','1','11','1',1,1),
(19,19,'1','1','1@1.com','1','1','1',1,11),
(20,20,'test','asd','sample@dd.com','2131','3','23',23,23),
(21,21,'1','1','1@1.com','1','11','1',111,1111),
(22,22,'Justine','Jusi','justinejusi98@gmail.com','1','1','1',1,1),
(23,23,'test','asd','as@gmail.com','1','1','1',1,1),
(24,24,'aasd','asd','asd@gmail.com','1','1','1',1,1),
(25,25,'asdas','asd','asdasd@gmail.com','1','1','1',1,1),
(26,26,'justine','jusi','dsamdasd@gmaikl.com','1','1','1',1,1),
(27,27,'asdasd','asd','da@gmasi.com','1','1','1',1,1),
(28,28,'asdas','dasd','dsad@gmail.com','1','1','1',1,1),
(29,29,'asd','asdas','sdasd@gmail.com','1','1','1',1,1),
(30,30,'asdas','dasd','1@asasd.com','1','1','1',1,1),
(31,31,'1','1','1@1.com1','1','1','1',1,1),
(32,32,'Justine','Jusi','justinejusi98@gmail.com','sample','quezon','lucena',4302,12323),
(33,33,'Justine','sample','justinejusi98@gmail.com','1','1','1',11,1),
(34,34,'Justine','Jusi','justinejusi98@gmail.com','1231','1','1',1,1),
(35,35,'1','1','1@gmail.com','1','1','1',1,1);

/*Table structure for table `transactions` */

DROP TABLE IF EXISTS `transactions`;

CREATE TABLE `transactions` (
  `TID` int(11) NOT NULL AUTO_INCREMENT COMMENT 'unique id',
  `AID` int(11) NOT NULL COMMENT 'Users ID',
  `cname` varchar(50) DEFAULT NULL,
  `cnum` varchar(25) DEFAULT NULL,
  `order_id` varchar(20) NOT NULL COMMENT 'reference number',
  `description` varchar(75) NOT NULL,
  `type` varchar(25) NOT NULL,
  `response` text NOT NULL COMMENT 'response from stripe',
  `amount` int(11) NOT NULL,
  `status` int(11) NOT NULL COMMENT '1 = Success, 0 = Fail',
  `created_at` timestamp NOT NULL DEFAULT current_timestamp(),
  PRIMARY KEY (`TID`)
) ENGINE=InnoDB AUTO_INCREMENT=36 DEFAULT CHARSET=latin1;

/*Data for the table `transactions` */

insert  into `transactions`(`TID`,`AID`,`cname`,`cnum`,`order_id`,`description`,`type`,`response`,`amount`,`status`,`created_at`) values 
(1,1,'Beta Test','4242424242424242','20220815152234-980','Book Upload','Payment','{\"id\":\"ch_3LX3FXAgdxBE8nFM1zHHP8tb\",\"object\":\"charge\",\"amount\":1000,\"amount_captured\":1000,\"amount_refunded\":0,\"application\":null,\"application_fee\":null,\"application_fee_amount\":null,\"balance_transaction\":\"txn_3LX3FXAgdxBE8nFM1tadPHpd\",\"billing_details\":{\"address\":{\"city\":null,\"country\":null,\"line1\":null,\"line2\":null,\"postal_code\":null,\"state\":null},\"email\":null,\"name\":\"Beta Test\",\"phone\":null},\"calculated_statement_descriptor\":\"Stripe\",\"captured\":true,\"created\":1660569755,\"currency\":\"usd\",\"customer\":null,\"description\":\"Bookocracy Book Upload Payment\",\"destination\":null,\"dispute\":null,\"disputed\":false,\"failure_balance_transaction\":null,\"failure_code\":null,\"failure_message\":null,\"fraud_details\":[],\"invoice\":null,\"livemode\":false,\"metadata\":{\"order_id\":\"20220815152234-980\"},\"on_behalf_of\":null,\"order\":null,\"outcome\":{\"network_status\":\"approved_by_network\",\"reason\":null,\"risk_level\":\"normal\",\"risk_score\":9,\"seller_message\":\"Payment complete.\",\"type\":\"authorized\"},\"paid\":true,\"payment_intent\":null,\"payment_method\":\"card_1LX3FUAgdxBE8nFMbcAa316c\",\"payment_method_details\":{\"card\":{\"brand\":\"visa\",\"checks\":{\"address_line1_check\":null,\"address_postal_code_check\":null,\"cvc_check\":\"pass\"},\"country\":\"US\",\"exp_month\":12,\"exp_year\":2024,\"fingerprint\":\"dSodWl2UIGk2tDNi\",\"funding\":\"credit\",\"installments\":null,\"last4\":\"4242\",\"mandate\":null,\"network\":\"visa\",\"three_d_secure\":null,\"wallet\":null},\"type\":\"card\"},\"receipt_email\":null,\"receipt_number\":null,\"receipt_url\":\"https:\\/\\/pay.stripe.com\\/receipts\\/payment\\/CAcaFwoVYWNjdF8xTEhrYUlBZ2R4QkU4bkZNKJyR6ZcGMgaSL2lQuU46LBYMtB4STO6UAOAtzLvtyfL0I5NjKq8ZX4W740yDSqpqbwfNNQGJz4b9sqDv\",\"refunded\":false,\"refunds\":{\"object\":\"list\",\"data\":[],\"has_more\":false,\"total_count\":0,\"url\":\"\\/v1\\/charges\\/ch_3LX3FXAgdxBE8nFM1zHHP8tb\\/refunds\"},\"review\":null,\"shipping\":null,\"source\":{\"id\":\"card_1LX3FUAgdxBE8nFMbcAa316c\",\"object\":\"card\",\"address_city\":null,\"address_country\":null,\"address_line1\":null,\"address_line1_check\":null,\"address_line2\":null,\"address_state\":null,\"address_zip\":null,\"address_zip_check\":null,\"brand\":\"Visa\",\"country\":\"US\",\"customer\":null,\"cvc_check\":\"pass\",\"dynamic_last4\":null,\"exp_month\":12,\"exp_year\":2024,\"fingerprint\":\"dSodWl2UIGk2tDNi\",\"funding\":\"credit\",\"last4\":\"4242\",\"metadata\":[],\"name\":\"Beta Test\",\"tokenization_method\":null},\"source_transfer\":null,\"statement_descriptor\":null,\"statement_descriptor_suffix\":null,\"status\":\"succeeded\",\"transfer_data\":null,\"transfer_group\":null}',10,1,'2022-08-15 21:22:36'),
(2,1,'Beta Test','4242424242424242','20220817163208-962','Book Upload','Payment','{\"id\":\"ch_3LXnIIAgdxBE8nFM0lOtJQ0u\",\"object\":\"charge\",\"amount\":1000,\"amount_captured\":1000,\"amount_refunded\":0,\"application\":null,\"application_fee\":null,\"application_fee_amount\":null,\"balance_transaction\":\"txn_3LXnIIAgdxBE8nFM0rIx8Mla\",\"billing_details\":{\"address\":{\"city\":null,\"country\":null,\"line1\":null,\"line2\":null,\"postal_code\":null,\"state\":null},\"email\":null,\"name\":\"Beta Test\",\"phone\":null},\"calculated_statement_descriptor\":\"Stripe\",\"captured\":true,\"created\":1660746750,\"currency\":\"usd\",\"customer\":null,\"description\":\"Bookocracy Book Upload Payment\",\"destination\":null,\"dispute\":null,\"disputed\":false,\"failure_balance_transaction\":null,\"failure_code\":null,\"failure_message\":null,\"fraud_details\":[],\"invoice\":null,\"livemode\":false,\"metadata\":{\"order_id\":\"20220817163208-962\"},\"on_behalf_of\":null,\"order\":null,\"outcome\":{\"network_status\":\"approved_by_network\",\"reason\":null,\"risk_level\":\"normal\",\"risk_score\":57,\"seller_message\":\"Payment complete.\",\"type\":\"authorized\"},\"paid\":true,\"payment_intent\":null,\"payment_method\":\"card_1LXnIDAgdxBE8nFMnsL1qLwf\",\"payment_method_details\":{\"card\":{\"brand\":\"visa\",\"checks\":{\"address_line1_check\":null,\"address_postal_code_check\":null,\"cvc_check\":\"pass\"},\"country\":\"US\",\"exp_month\":12,\"exp_year\":2024,\"fingerprint\":\"dSodWl2UIGk2tDNi\",\"funding\":\"credit\",\"installments\":null,\"last4\":\"4242\",\"mandate\":null,\"network\":\"visa\",\"three_d_secure\":null,\"wallet\":null},\"type\":\"card\"},\"receipt_email\":null,\"receipt_number\":null,\"receipt_url\":\"https:\\/\\/pay.stripe.com\\/receipts\\/payment\\/CAcaFwoVYWNjdF8xTEhrYUlBZ2R4QkU4bkZNKP_385cGMgYmBwm0Dk06LBZnjF3YYYvUMALZofTqh0PHZjlESiyHHq1hSiYi7GMM3XK4QafrLPH7Yewg\",\"refunded\":false,\"refunds\":{\"object\":\"list\",\"data\":[],\"has_more\":false,\"total_count\":0,\"url\":\"\\/v1\\/charges\\/ch_3LXnIIAgdxBE8nFM0lOtJQ0u\\/refunds\"},\"review\":null,\"shipping\":null,\"source\":{\"id\":\"card_1LXnIDAgdxBE8nFMnsL1qLwf\",\"object\":\"card\",\"address_city\":null,\"address_country\":null,\"address_line1\":null,\"address_line1_check\":null,\"address_line2\":null,\"address_state\":null,\"address_zip\":null,\"address_zip_check\":null,\"brand\":\"Visa\",\"country\":\"US\",\"customer\":null,\"cvc_check\":\"pass\",\"dynamic_last4\":null,\"exp_month\":12,\"exp_year\":2024,\"fingerprint\":\"dSodWl2UIGk2tDNi\",\"funding\":\"credit\",\"last4\":\"4242\",\"metadata\":[],\"name\":\"Beta Test\",\"tokenization_method\":null},\"source_transfer\":null,\"statement_descriptor\":null,\"statement_descriptor_suffix\":null,\"status\":\"succeeded\",\"transfer_data\":null,\"transfer_group\":null}',10,1,'2022-08-17 22:32:11'),
(3,2,'Beta Test','4242424242424242','20220825193502-113','Credit Purchase','Payment','{\"id\":\"ch_3LajxNAgdxBE8nFM1g6f4h8A\",\"object\":\"charge\",\"amount\":10000,\"amount_captured\":10000,\"amount_refunded\":0,\"application\":null,\"application_fee\":null,\"application_fee_amount\":null,\"balance_transaction\":\"txn_3LajxNAgdxBE8nFM1LYvU1Z3\",\"billing_details\":{\"address\":{\"city\":null,\"country\":null,\"line1\":null,\"line2\":null,\"postal_code\":null,\"state\":null},\"email\":null,\"name\":\"Beta Test\",\"phone\":null},\"calculated_statement_descriptor\":\"Stripe\",\"captured\":true,\"created\":1661448905,\"currency\":\"usd\",\"customer\":null,\"description\":\"Bookocracy Credit Payment\",\"destination\":null,\"dispute\":null,\"disputed\":false,\"failure_balance_transaction\":null,\"failure_code\":null,\"failure_message\":null,\"fraud_details\":[],\"invoice\":null,\"livemode\":false,\"metadata\":{\"order_id\":\"20220825193502-113\"},\"on_behalf_of\":null,\"order\":null,\"outcome\":{\"network_status\":\"approved_by_network\",\"reason\":null,\"risk_level\":\"normal\",\"risk_score\":23,\"seller_message\":\"Payment complete.\",\"type\":\"authorized\"},\"paid\":true,\"payment_intent\":null,\"payment_method\":\"card_1LajxKAgdxBE8nFMs7wCO1Kg\",\"payment_method_details\":{\"card\":{\"brand\":\"visa\",\"checks\":{\"address_line1_check\":null,\"address_postal_code_check\":null,\"cvc_check\":\"pass\"},\"country\":\"US\",\"exp_month\":12,\"exp_year\":2022,\"fingerprint\":\"dSodWl2UIGk2tDNi\",\"funding\":\"credit\",\"installments\":null,\"last4\":\"4242\",\"mandate\":null,\"network\":\"visa\",\"three_d_secure\":null,\"wallet\":null},\"type\":\"card\"},\"receipt_email\":null,\"receipt_number\":null,\"receipt_url\":\"https:\\/\\/pay.stripe.com\\/receipts\\/payment\\/CAcaFwoVYWNjdF8xTEhrYUlBZ2R4QkU4bkZNKMrlnpgGMgZ3BHyk2kI6LBaeTuv6g90-VPLW1EU9I0ACYMiVy6kjdFgDvXhRNFCTspw_oIdCHy6XP72l\",\"refunded\":false,\"refunds\":{\"object\":\"list\",\"data\":[],\"has_more\":false,\"total_count\":0,\"url\":\"\\/v1\\/charges\\/ch_3LajxNAgdxBE8nFM1g6f4h8A\\/refunds\"},\"review\":null,\"shipping\":null,\"source\":{\"id\":\"card_1LajxKAgdxBE8nFMs7wCO1Kg\",\"object\":\"card\",\"address_city\":null,\"address_country\":null,\"address_line1\":null,\"address_line1_check\":null,\"address_line2\":null,\"address_state\":null,\"address_zip\":null,\"address_zip_check\":null,\"brand\":\"Visa\",\"country\":\"US\",\"customer\":null,\"cvc_check\":\"pass\",\"dynamic_last4\":null,\"exp_month\":12,\"exp_year\":2022,\"fingerprint\":\"dSodWl2UIGk2tDNi\",\"funding\":\"credit\",\"last4\":\"4242\",\"metadata\":[],\"name\":\"Beta Test\",\"tokenization_method\":null},\"source_transfer\":null,\"statement_descriptor\":null,\"statement_descriptor_suffix\":null,\"status\":\"succeeded\",\"transfer_data\":null,\"transfer_group\":null}',100,1,'2022-08-26 01:35:04'),
(4,3,'Beta Test','4242424242424242','20220826163723-276','Credit Purchase','Payment','{\"id\":\"ch_3Lb3f3AgdxBE8nFM0cdKVmUZ\",\"object\":\"charge\",\"amount\":10000,\"amount_captured\":10000,\"amount_refunded\":0,\"application\":null,\"application_fee\":null,\"application_fee_amount\":null,\"balance_transaction\":\"txn_3Lb3f3AgdxBE8nFM0X1lPWbP\",\"billing_details\":{\"address\":{\"city\":null,\"country\":null,\"line1\":null,\"line2\":null,\"postal_code\":null,\"state\":null},\"email\":null,\"name\":\"Beta Test\",\"phone\":null},\"calculated_statement_descriptor\":\"Stripe\",\"captured\":true,\"created\":1661524649,\"currency\":\"usd\",\"customer\":null,\"description\":\"Bookocracy Credit Payment\",\"destination\":null,\"dispute\":null,\"disputed\":false,\"failure_balance_transaction\":null,\"failure_code\":null,\"failure_message\":null,\"fraud_details\":[],\"invoice\":null,\"livemode\":false,\"metadata\":{\"order_id\":\"20220826163723-276\"},\"on_behalf_of\":null,\"order\":null,\"outcome\":{\"network_status\":\"approved_by_network\",\"reason\":null,\"risk_level\":\"normal\",\"risk_score\":4,\"seller_message\":\"Payment complete.\",\"type\":\"authorized\"},\"paid\":true,\"payment_intent\":null,\"payment_method\":\"card_1Lb3ezAgdxBE8nFM8F5AVyOF\",\"payment_method_details\":{\"card\":{\"brand\":\"visa\",\"checks\":{\"address_line1_check\":null,\"address_postal_code_check\":null,\"cvc_check\":\"pass\"},\"country\":\"US\",\"exp_month\":12,\"exp_year\":2022,\"fingerprint\":\"dSodWl2UIGk2tDNi\",\"funding\":\"credit\",\"installments\":null,\"last4\":\"4242\",\"mandate\":null,\"network\":\"visa\",\"three_d_secure\":null,\"wallet\":null},\"type\":\"card\"},\"receipt_email\":null,\"receipt_number\":null,\"receipt_url\":\"https:\\/\\/pay.stripe.com\\/receipts\\/payment\\/CAcaFwoVYWNjdF8xTEhrYUlBZ2R4QkU4bkZNKKq1o5gGMgYemmS9boo6LBbcxfQYWB7fZfuCWSmEtFVqhVFzD77lDeLw2YfyKsCKAJrN2uqxk7ypb4aL\",\"refunded\":false,\"refunds\":{\"object\":\"list\",\"data\":[],\"has_more\":false,\"total_count\":0,\"url\":\"\\/v1\\/charges\\/ch_3Lb3f3AgdxBE8nFM0cdKVmUZ\\/refunds\"},\"review\":null,\"shipping\":null,\"source\":{\"id\":\"card_1Lb3ezAgdxBE8nFM8F5AVyOF\",\"object\":\"card\",\"address_city\":null,\"address_country\":null,\"address_line1\":null,\"address_line1_check\":null,\"address_line2\":null,\"address_state\":null,\"address_zip\":null,\"address_zip_check\":null,\"brand\":\"Visa\",\"country\":\"US\",\"customer\":null,\"cvc_check\":\"pass\",\"dynamic_last4\":null,\"exp_month\":12,\"exp_year\":2022,\"fingerprint\":\"dSodWl2UIGk2tDNi\",\"funding\":\"credit\",\"last4\":\"4242\",\"metadata\":[],\"name\":\"Beta Test\",\"tokenization_method\":null},\"source_transfer\":null,\"statement_descriptor\":null,\"statement_descriptor_suffix\":null,\"status\":\"succeeded\",\"transfer_data\":null,\"transfer_group\":null}',100,1,'2022-08-26 22:37:27'),
(5,3,'Beta Test','4242424242424242','20220826164149-470','Credit Purchase','Payment','{\"id\":\"ch_3Lb3jJAgdxBE8nFM08drvCSg\",\"object\":\"charge\",\"amount\":300,\"amount_captured\":300,\"amount_refunded\":0,\"application\":null,\"application_fee\":null,\"application_fee_amount\":null,\"balance_transaction\":\"txn_3Lb3jJAgdxBE8nFM0YmWVXlW\",\"billing_details\":{\"address\":{\"city\":null,\"country\":null,\"line1\":null,\"line2\":null,\"postal_code\":null,\"state\":null},\"email\":null,\"name\":\"Beta Test\",\"phone\":null},\"calculated_statement_descriptor\":\"Stripe\",\"captured\":true,\"created\":1661524913,\"currency\":\"usd\",\"customer\":null,\"description\":\"Bookocracy Credit Payment\",\"destination\":null,\"dispute\":null,\"disputed\":false,\"failure_balance_transaction\":null,\"failure_code\":null,\"failure_message\":null,\"fraud_details\":[],\"invoice\":null,\"livemode\":false,\"metadata\":{\"order_id\":\"20220826164149-470\"},\"on_behalf_of\":null,\"order\":null,\"outcome\":{\"network_status\":\"approved_by_network\",\"reason\":null,\"risk_level\":\"normal\",\"risk_score\":24,\"seller_message\":\"Payment complete.\",\"type\":\"authorized\"},\"paid\":true,\"payment_intent\":null,\"payment_method\":\"card_1Lb3jHAgdxBE8nFMJFIf6834\",\"payment_method_details\":{\"card\":{\"brand\":\"visa\",\"checks\":{\"address_line1_check\":null,\"address_postal_code_check\":null,\"cvc_check\":\"pass\"},\"country\":\"US\",\"exp_month\":12,\"exp_year\":2022,\"fingerprint\":\"dSodWl2UIGk2tDNi\",\"funding\":\"credit\",\"installments\":null,\"last4\":\"4242\",\"mandate\":null,\"network\":\"visa\",\"three_d_secure\":null,\"wallet\":null},\"type\":\"card\"},\"receipt_email\":null,\"receipt_number\":null,\"receipt_url\":\"https:\\/\\/pay.stripe.com\\/receipts\\/payment\\/CAcaFwoVYWNjdF8xTEhrYUlBZ2R4QkU4bkZNKLK3o5gGMgYJGTxZxhE6LBZw_AY3m-oxUbbjM14RfGyrDCzx5lOQQb7gvWtbpHJuEG3PpGrNO23d-zos\",\"refunded\":false,\"refunds\":{\"object\":\"list\",\"data\":[],\"has_more\":false,\"total_count\":0,\"url\":\"\\/v1\\/charges\\/ch_3Lb3jJAgdxBE8nFM08drvCSg\\/refunds\"},\"review\":null,\"shipping\":null,\"source\":{\"id\":\"card_1Lb3jHAgdxBE8nFMJFIf6834\",\"object\":\"card\",\"address_city\":null,\"address_country\":null,\"address_line1\":null,\"address_line1_check\":null,\"address_line2\":null,\"address_state\":null,\"address_zip\":null,\"address_zip_check\":null,\"brand\":\"Visa\",\"country\":\"US\",\"customer\":null,\"cvc_check\":\"pass\",\"dynamic_last4\":null,\"exp_month\":12,\"exp_year\":2022,\"fingerprint\":\"dSodWl2UIGk2tDNi\",\"funding\":\"credit\",\"last4\":\"4242\",\"metadata\":[],\"name\":\"Beta Test\",\"tokenization_method\":null},\"source_transfer\":null,\"statement_descriptor\":null,\"statement_descriptor_suffix\":null,\"status\":\"succeeded\",\"transfer_data\":null,\"transfer_group\":null}',3,1,'2022-08-26 22:41:51'),
(6,4,'Beta Test','4242424242424242','20220829152530-156','Book Upload','Payment','{\"id\":\"ch_3Lc7y4AgdxBE8nFM0PZvQsAE\",\"object\":\"charge\",\"amount\":1000,\"amount_captured\":1000,\"amount_refunded\":0,\"application\":null,\"application_fee\":null,\"application_fee_amount\":null,\"balance_transaction\":\"txn_3Lc7y4AgdxBE8nFM0acMyV0M\",\"billing_details\":{\"address\":{\"city\":null,\"country\":null,\"line1\":null,\"line2\":null,\"postal_code\":null,\"state\":null},\"email\":null,\"name\":\"Beta Test\",\"phone\":null},\"calculated_statement_descriptor\":\"Stripe\",\"captured\":true,\"created\":1661779532,\"currency\":\"usd\",\"customer\":null,\"description\":\"Bookocracy Book Upload Payment\",\"destination\":null,\"dispute\":null,\"disputed\":false,\"failure_balance_transaction\":null,\"failure_code\":null,\"failure_message\":null,\"fraud_details\":[],\"invoice\":null,\"livemode\":false,\"metadata\":{\"order_id\":\"20220829152530-156\"},\"on_behalf_of\":null,\"order\":null,\"outcome\":{\"network_status\":\"approved_by_network\",\"reason\":null,\"risk_level\":\"normal\",\"risk_score\":31,\"seller_message\":\"Payment complete.\",\"type\":\"authorized\"},\"paid\":true,\"payment_intent\":null,\"payment_method\":\"card_1Lc7y2AgdxBE8nFMzJ8r5nbM\",\"payment_method_details\":{\"card\":{\"brand\":\"visa\",\"checks\":{\"address_line1_check\":null,\"address_postal_code_check\":null,\"cvc_check\":\"pass\"},\"country\":\"US\",\"exp_month\":12,\"exp_year\":2024,\"fingerprint\":\"dSodWl2UIGk2tDNi\",\"funding\":\"credit\",\"installments\":null,\"last4\":\"4242\",\"mandate\":null,\"network\":\"visa\",\"three_d_secure\":null,\"wallet\":null},\"type\":\"card\"},\"receipt_email\":null,\"receipt_number\":null,\"receipt_url\":\"https:\\/\\/pay.stripe.com\\/receipts\\/payment\\/CAcaFwoVYWNjdF8xTEhrYUlBZ2R4QkU4bkZNKM38spgGMgZNG4pC5e06LBZEozmMaeY4UvKWIAHt5KDhlOG7ihGALMmxlt0laN6lOL6PVzl4pktsUKSx\",\"refunded\":false,\"refunds\":{\"object\":\"list\",\"data\":[],\"has_more\":false,\"total_count\":0,\"url\":\"\\/v1\\/charges\\/ch_3Lc7y4AgdxBE8nFM0PZvQsAE\\/refunds\"},\"review\":null,\"shipping\":null,\"source\":{\"id\":\"card_1Lc7y2AgdxBE8nFMzJ8r5nbM\",\"object\":\"card\",\"address_city\":null,\"address_country\":null,\"address_line1\":null,\"address_line1_check\":null,\"address_line2\":null,\"address_state\":null,\"address_zip\":null,\"address_zip_check\":null,\"brand\":\"Visa\",\"country\":\"US\",\"customer\":null,\"cvc_check\":\"pass\",\"dynamic_last4\":null,\"exp_month\":12,\"exp_year\":2024,\"fingerprint\":\"dSodWl2UIGk2tDNi\",\"funding\":\"credit\",\"last4\":\"4242\",\"metadata\":[],\"name\":\"Beta Test\",\"tokenization_method\":null},\"source_transfer\":null,\"statement_descriptor\":null,\"statement_descriptor_suffix\":null,\"status\":\"succeeded\",\"transfer_data\":null,\"transfer_group\":null}',10,1,'2022-08-29 21:25:32'),
(7,1,'Beta Test','4242424242424242','20220829154828-368','Book Upload','Payment','{\"id\":\"ch_3Lc8KIAgdxBE8nFM1tbAg2Jy\",\"object\":\"charge\",\"amount\":1000,\"amount_captured\":1000,\"amount_refunded\":0,\"application\":null,\"application_fee\":null,\"application_fee_amount\":null,\"balance_transaction\":\"txn_3Lc8KIAgdxBE8nFM1bYuaQc5\",\"billing_details\":{\"address\":{\"city\":null,\"country\":null,\"line1\":null,\"line2\":null,\"postal_code\":null,\"state\":null},\"email\":null,\"name\":\"Beta Test\",\"phone\":null},\"calculated_statement_descriptor\":\"Stripe\",\"captured\":true,\"created\":1661780910,\"currency\":\"usd\",\"customer\":null,\"description\":\"Bookocracy Book Upload Payment\",\"destination\":null,\"dispute\":null,\"disputed\":false,\"failure_balance_transaction\":null,\"failure_code\":null,\"failure_message\":null,\"fraud_details\":[],\"invoice\":null,\"livemode\":false,\"metadata\":{\"order_id\":\"20220829154828-368\"},\"on_behalf_of\":null,\"order\":null,\"outcome\":{\"network_status\":\"approved_by_network\",\"reason\":null,\"risk_level\":\"normal\",\"risk_score\":30,\"seller_message\":\"Payment complete.\",\"type\":\"authorized\"},\"paid\":true,\"payment_intent\":null,\"payment_method\":\"card_1Lc8KHAgdxBE8nFM4siiDLhi\",\"payment_method_details\":{\"card\":{\"brand\":\"visa\",\"checks\":{\"address_line1_check\":null,\"address_postal_code_check\":null,\"cvc_check\":\"pass\"},\"country\":\"US\",\"exp_month\":12,\"exp_year\":2024,\"fingerprint\":\"dSodWl2UIGk2tDNi\",\"funding\":\"credit\",\"installments\":null,\"last4\":\"4242\",\"mandate\":null,\"network\":\"visa\",\"three_d_secure\":null,\"wallet\":null},\"type\":\"card\"},\"receipt_email\":null,\"receipt_number\":null,\"receipt_url\":\"https:\\/\\/pay.stripe.com\\/receipts\\/payment\\/CAcaFwoVYWNjdF8xTEhrYUlBZ2R4QkU4bkZNKK-Hs5gGMgYTgYRcsHk6LBZu_8OuY7LyFM6_QtBmabCTva4PiXDLeVZOZbht2C9NFqaxjlx7EpPS1rm1\",\"refunded\":false,\"refunds\":{\"object\":\"list\",\"data\":[],\"has_more\":false,\"total_count\":0,\"url\":\"\\/v1\\/charges\\/ch_3Lc8KIAgdxBE8nFM1tbAg2Jy\\/refunds\"},\"review\":null,\"shipping\":null,\"source\":{\"id\":\"card_1Lc8KHAgdxBE8nFM4siiDLhi\",\"object\":\"card\",\"address_city\":null,\"address_country\":null,\"address_line1\":null,\"address_line1_check\":null,\"address_line2\":null,\"address_state\":null,\"address_zip\":null,\"address_zip_check\":null,\"brand\":\"Visa\",\"country\":\"US\",\"customer\":null,\"cvc_check\":\"pass\",\"dynamic_last4\":null,\"exp_month\":12,\"exp_year\":2024,\"fingerprint\":\"dSodWl2UIGk2tDNi\",\"funding\":\"credit\",\"last4\":\"4242\",\"metadata\":[],\"name\":\"Beta Test\",\"tokenization_method\":null},\"source_transfer\":null,\"statement_descriptor\":null,\"statement_descriptor_suffix\":null,\"status\":\"succeeded\",\"transfer_data\":null,\"transfer_group\":null}',10,1,'2022-08-29 21:48:30'),
(8,1,'Beta Test','4242424242424242','20220830162457-338','Book Upload','Payment','{\"id\":\"ch_3LcVNAAgdxBE8nFM1Hr3HdOa\",\"object\":\"charge\",\"amount\":1000,\"amount_captured\":1000,\"amount_refunded\":0,\"application\":null,\"application_fee\":null,\"application_fee_amount\":null,\"balance_transaction\":\"txn_3LcVNAAgdxBE8nFM14p6sirg\",\"billing_details\":{\"address\":{\"city\":null,\"country\":null,\"line1\":null,\"line2\":null,\"postal_code\":null,\"state\":null},\"email\":null,\"name\":\"Beta Test\",\"phone\":null},\"calculated_statement_descriptor\":\"Stripe\",\"captured\":true,\"created\":1661869500,\"currency\":\"usd\",\"customer\":null,\"description\":\"Bookocracy Book Upload Payment\",\"destination\":null,\"dispute\":null,\"disputed\":false,\"failure_balance_transaction\":null,\"failure_code\":null,\"failure_message\":null,\"fraud_details\":[],\"invoice\":null,\"livemode\":false,\"metadata\":{\"order_id\":\"20220830162457-338\"},\"on_behalf_of\":null,\"order\":null,\"outcome\":{\"network_status\":\"approved_by_network\",\"reason\":null,\"risk_level\":\"normal\",\"risk_score\":63,\"seller_message\":\"Payment complete.\",\"type\":\"authorized\"},\"paid\":true,\"payment_intent\":null,\"payment_method\":\"card_1LcVN8AgdxBE8nFMre5aEmFK\",\"payment_method_details\":{\"card\":{\"brand\":\"visa\",\"checks\":{\"address_line1_check\":null,\"address_postal_code_check\":null,\"cvc_check\":\"pass\"},\"country\":\"US\",\"exp_month\":12,\"exp_year\":2024,\"fingerprint\":\"dSodWl2UIGk2tDNi\",\"funding\":\"credit\",\"installments\":null,\"last4\":\"4242\",\"mandate\":null,\"network\":\"visa\",\"three_d_secure\":null,\"wallet\":null},\"type\":\"card\"},\"receipt_email\":null,\"receipt_number\":null,\"receipt_url\":\"https:\\/\\/pay.stripe.com\\/receipts\\/payment\\/CAcaFwoVYWNjdF8xTEhrYUlBZ2R4QkU4bkZNKL27uJgGMgaWZAT4cRQ6LBbN1H68zFQzXphWGf_5FRI739xMnqNj465C2ILbxxbeCWpFKWHrgRcmZ3N-\",\"refunded\":false,\"refunds\":{\"object\":\"list\",\"data\":[],\"has_more\":false,\"total_count\":0,\"url\":\"\\/v1\\/charges\\/ch_3LcVNAAgdxBE8nFM1Hr3HdOa\\/refunds\"},\"review\":null,\"shipping\":null,\"source\":{\"id\":\"card_1LcVN8AgdxBE8nFMre5aEmFK\",\"object\":\"card\",\"address_city\":null,\"address_country\":null,\"address_line1\":null,\"address_line1_check\":null,\"address_line2\":null,\"address_state\":null,\"address_zip\":null,\"address_zip_check\":null,\"brand\":\"Visa\",\"country\":\"US\",\"customer\":null,\"cvc_check\":\"pass\",\"dynamic_last4\":null,\"exp_month\":12,\"exp_year\":2024,\"fingerprint\":\"dSodWl2UIGk2tDNi\",\"funding\":\"credit\",\"last4\":\"4242\",\"metadata\":[],\"name\":\"Beta Test\",\"tokenization_method\":null},\"source_transfer\":null,\"statement_descriptor\":null,\"statement_descriptor_suffix\":null,\"status\":\"succeeded\",\"transfer_data\":null,\"transfer_group\":null}',10,1,'2022-08-30 22:24:59'),
(9,1,'Beta Test','4242424242424242','20220830162629-186','Book Upload','Payment','{\"id\":\"ch_3LcVOdAgdxBE8nFM1nrFqQAw\",\"object\":\"charge\",\"amount\":1000,\"amount_captured\":1000,\"amount_refunded\":0,\"application\":null,\"application_fee\":null,\"application_fee_amount\":null,\"balance_transaction\":\"txn_3LcVOdAgdxBE8nFM1czyucAs\",\"billing_details\":{\"address\":{\"city\":null,\"country\":null,\"line1\":null,\"line2\":null,\"postal_code\":null,\"state\":null},\"email\":null,\"name\":\"Beta Test\",\"phone\":null},\"calculated_statement_descriptor\":\"Stripe\",\"captured\":true,\"created\":1661869591,\"currency\":\"usd\",\"customer\":null,\"description\":\"Bookocracy Book Upload Payment\",\"destination\":null,\"dispute\":null,\"disputed\":false,\"failure_balance_transaction\":null,\"failure_code\":null,\"failure_message\":null,\"fraud_details\":[],\"invoice\":null,\"livemode\":false,\"metadata\":{\"order_id\":\"20220830162629-186\"},\"on_behalf_of\":null,\"order\":null,\"outcome\":{\"network_status\":\"approved_by_network\",\"reason\":null,\"risk_level\":\"normal\",\"risk_score\":1,\"seller_message\":\"Payment complete.\",\"type\":\"authorized\"},\"paid\":true,\"payment_intent\":null,\"payment_method\":\"card_1LcVOcAgdxBE8nFMOVGSjly6\",\"payment_method_details\":{\"card\":{\"brand\":\"visa\",\"checks\":{\"address_line1_check\":null,\"address_postal_code_check\":null,\"cvc_check\":\"pass\"},\"country\":\"US\",\"exp_month\":12,\"exp_year\":2024,\"fingerprint\":\"dSodWl2UIGk2tDNi\",\"funding\":\"credit\",\"installments\":null,\"last4\":\"4242\",\"mandate\":null,\"network\":\"visa\",\"three_d_secure\":null,\"wallet\":null},\"type\":\"card\"},\"receipt_email\":null,\"receipt_number\":null,\"receipt_url\":\"https:\\/\\/pay.stripe.com\\/receipts\\/payment\\/CAcaFwoVYWNjdF8xTEhrYUlBZ2R4QkU4bkZNKJi8uJgGMgbB3iBopAE6LBaI2K0uIT9zkyHM-qD9tPo39pni3sDlU3CYGUvLByRED1WOtK2Ys5bN_tQ8\",\"refunded\":false,\"refunds\":{\"object\":\"list\",\"data\":[],\"has_more\":false,\"total_count\":0,\"url\":\"\\/v1\\/charges\\/ch_3LcVOdAgdxBE8nFM1nrFqQAw\\/refunds\"},\"review\":null,\"shipping\":null,\"source\":{\"id\":\"card_1LcVOcAgdxBE8nFMOVGSjly6\",\"object\":\"card\",\"address_city\":null,\"address_country\":null,\"address_line1\":null,\"address_line1_check\":null,\"address_line2\":null,\"address_state\":null,\"address_zip\":null,\"address_zip_check\":null,\"brand\":\"Visa\",\"country\":\"US\",\"customer\":null,\"cvc_check\":\"pass\",\"dynamic_last4\":null,\"exp_month\":12,\"exp_year\":2024,\"fingerprint\":\"dSodWl2UIGk2tDNi\",\"funding\":\"credit\",\"last4\":\"4242\",\"metadata\":[],\"name\":\"Beta Test\",\"tokenization_method\":null},\"source_transfer\":null,\"statement_descriptor\":null,\"statement_descriptor_suffix\":null,\"status\":\"succeeded\",\"transfer_data\":null,\"transfer_group\":null}',10,1,'2022-08-30 22:26:30'),
(10,3,'Beta Test','4242424242424242','20220830162955-977','Book Upload','Payment','{\"id\":\"ch_3LcVRxAgdxBE8nFM1d6F5F0y\",\"object\":\"charge\",\"amount\":1000,\"amount_captured\":1000,\"amount_refunded\":0,\"application\":null,\"application_fee\":null,\"application_fee_amount\":null,\"balance_transaction\":\"txn_3LcVRxAgdxBE8nFM1tEWejMo\",\"billing_details\":{\"address\":{\"city\":null,\"country\":null,\"line1\":null,\"line2\":null,\"postal_code\":null,\"state\":null},\"email\":null,\"name\":\"Beta Test\",\"phone\":null},\"calculated_statement_descriptor\":\"Stripe\",\"captured\":true,\"created\":1661869797,\"currency\":\"usd\",\"customer\":null,\"description\":\"Bookocracy Book Upload Payment\",\"destination\":null,\"dispute\":null,\"disputed\":false,\"failure_balance_transaction\":null,\"failure_code\":null,\"failure_message\":null,\"fraud_details\":[],\"invoice\":null,\"livemode\":false,\"metadata\":{\"order_id\":\"20220830162955-977\"},\"on_behalf_of\":null,\"order\":null,\"outcome\":{\"network_status\":\"approved_by_network\",\"reason\":null,\"risk_level\":\"normal\",\"risk_score\":37,\"seller_message\":\"Payment complete.\",\"type\":\"authorized\"},\"paid\":true,\"payment_intent\":null,\"payment_method\":\"card_1LcVRwAgdxBE8nFMSISn88tF\",\"payment_method_details\":{\"card\":{\"brand\":\"visa\",\"checks\":{\"address_line1_check\":null,\"address_postal_code_check\":null,\"cvc_check\":\"pass\"},\"country\":\"US\",\"exp_month\":12,\"exp_year\":2024,\"fingerprint\":\"dSodWl2UIGk2tDNi\",\"funding\":\"credit\",\"installments\":null,\"last4\":\"4242\",\"mandate\":null,\"network\":\"visa\",\"three_d_secure\":null,\"wallet\":null},\"type\":\"card\"},\"receipt_email\":null,\"receipt_number\":null,\"receipt_url\":\"https:\\/\\/pay.stripe.com\\/receipts\\/payment\\/CAcaFwoVYWNjdF8xTEhrYUlBZ2R4QkU4bkZNKOa9uJgGMgYNGXxmMO86LBYT4aapKCnPgZs4rk-DzSJOOjwEDrGqwZhd8yUCKY76jDYZBT6YpjmLDqPp\",\"refunded\":false,\"refunds\":{\"object\":\"list\",\"data\":[],\"has_more\":false,\"total_count\":0,\"url\":\"\\/v1\\/charges\\/ch_3LcVRxAgdxBE8nFM1d6F5F0y\\/refunds\"},\"review\":null,\"shipping\":null,\"source\":{\"id\":\"card_1LcVRwAgdxBE8nFMSISn88tF\",\"object\":\"card\",\"address_city\":null,\"address_country\":null,\"address_line1\":null,\"address_line1_check\":null,\"address_line2\":null,\"address_state\":null,\"address_zip\":null,\"address_zip_check\":null,\"brand\":\"Visa\",\"country\":\"US\",\"customer\":null,\"cvc_check\":\"pass\",\"dynamic_last4\":null,\"exp_month\":12,\"exp_year\":2024,\"fingerprint\":\"dSodWl2UIGk2tDNi\",\"funding\":\"credit\",\"last4\":\"4242\",\"metadata\":[],\"name\":\"Beta Test\",\"tokenization_method\":null},\"source_transfer\":null,\"statement_descriptor\":null,\"statement_descriptor_suffix\":null,\"status\":\"succeeded\",\"transfer_data\":null,\"transfer_group\":null}',10,1,'2022-08-30 22:29:56'),
(11,3,'Beta Test','4242424242424242','20220830163523-70','Book Upload','Payment','{\"id\":\"ch_3LcVXHAgdxBE8nFM0AKRGFBS\",\"object\":\"charge\",\"amount\":1000,\"amount_captured\":1000,\"amount_refunded\":0,\"application\":null,\"application_fee\":null,\"application_fee_amount\":null,\"balance_transaction\":\"txn_3LcVXHAgdxBE8nFM0oGreA94\",\"billing_details\":{\"address\":{\"city\":null,\"country\":null,\"line1\":null,\"line2\":null,\"postal_code\":null,\"state\":null},\"email\":null,\"name\":\"Beta Test\",\"phone\":null},\"calculated_statement_descriptor\":\"Stripe\",\"captured\":true,\"created\":1661870127,\"currency\":\"usd\",\"customer\":null,\"description\":\"Bookocracy Book Upload Payment\",\"destination\":null,\"dispute\":null,\"disputed\":false,\"failure_balance_transaction\":null,\"failure_code\":null,\"failure_message\":null,\"fraud_details\":[],\"invoice\":null,\"livemode\":false,\"metadata\":{\"order_id\":\"20220830163523-70\"},\"on_behalf_of\":null,\"order\":null,\"outcome\":{\"network_status\":\"approved_by_network\",\"reason\":null,\"risk_level\":\"normal\",\"risk_score\":54,\"seller_message\":\"Payment complete.\",\"type\":\"authorized\"},\"paid\":true,\"payment_intent\":null,\"payment_method\":\"card_1LcVXEAgdxBE8nFM0WAIGMHC\",\"payment_method_details\":{\"card\":{\"brand\":\"visa\",\"checks\":{\"address_line1_check\":null,\"address_postal_code_check\":null,\"cvc_check\":\"pass\"},\"country\":\"US\",\"exp_month\":12,\"exp_year\":2024,\"fingerprint\":\"dSodWl2UIGk2tDNi\",\"funding\":\"credit\",\"installments\":null,\"last4\":\"4242\",\"mandate\":null,\"network\":\"visa\",\"three_d_secure\":null,\"wallet\":null},\"type\":\"card\"},\"receipt_email\":null,\"receipt_number\":null,\"receipt_url\":\"https:\\/\\/pay.stripe.com\\/receipts\\/payment\\/CAcaFwoVYWNjdF8xTEhrYUlBZ2R4QkU4bkZNKLDAuJgGMgZUpQxOY4A6LBYzcuRu1ObmhEg3Vf_wzemqJIZu3TXXRbqeHyP_sGzBiw18e5NVj_4H8j78\",\"refunded\":false,\"refunds\":{\"object\":\"list\",\"data\":[],\"has_more\":false,\"total_count\":0,\"url\":\"\\/v1\\/charges\\/ch_3LcVXHAgdxBE8nFM0AKRGFBS\\/refunds\"},\"review\":null,\"shipping\":null,\"source\":{\"id\":\"card_1LcVXEAgdxBE8nFM0WAIGMHC\",\"object\":\"card\",\"address_city\":null,\"address_country\":null,\"address_line1\":null,\"address_line1_check\":null,\"address_line2\":null,\"address_state\":null,\"address_zip\":null,\"address_zip_check\":null,\"brand\":\"Visa\",\"country\":\"US\",\"customer\":null,\"cvc_check\":\"pass\",\"dynamic_last4\":null,\"exp_month\":12,\"exp_year\":2024,\"fingerprint\":\"dSodWl2UIGk2tDNi\",\"funding\":\"credit\",\"last4\":\"4242\",\"metadata\":[],\"name\":\"Beta Test\",\"tokenization_method\":null},\"source_transfer\":null,\"statement_descriptor\":null,\"statement_descriptor_suffix\":null,\"status\":\"succeeded\",\"transfer_data\":null,\"transfer_group\":null}',10,1,'2022-08-30 22:35:27'),
(12,1,'Beta Test','4242424242424242','20220907030039-930','Book Upload','Payment','{\"id\":\"ch_3LfCdHAgdxBE8nFM1aCd2smK\",\"object\":\"charge\",\"amount\":1000,\"amount_captured\":1000,\"amount_refunded\":0,\"application\":null,\"application_fee\":null,\"application_fee_amount\":null,\"balance_transaction\":\"txn_3LfCdHAgdxBE8nFM1pZEPCGh\",\"billing_details\":{\"address\":{\"city\":null,\"country\":null,\"line1\":null,\"line2\":null,\"postal_code\":null,\"state\":null},\"email\":null,\"name\":\"Beta Test\",\"phone\":null},\"calculated_statement_descriptor\":\"Stripe\",\"captured\":true,\"created\":1662512447,\"currency\":\"usd\",\"customer\":null,\"description\":\"Bookocracy Book Upload Payment\",\"destination\":null,\"dispute\":null,\"disputed\":false,\"failure_balance_transaction\":null,\"failure_code\":null,\"failure_message\":null,\"fraud_details\":[],\"invoice\":null,\"livemode\":false,\"metadata\":{\"order_id\":\"20220907030039-930\"},\"on_behalf_of\":null,\"order\":null,\"outcome\":{\"network_status\":\"approved_by_network\",\"reason\":null,\"risk_level\":\"normal\",\"risk_score\":64,\"seller_message\":\"Payment complete.\",\"type\":\"authorized\"},\"paid\":true,\"payment_intent\":null,\"payment_method\":\"card_1LfCdGAgdxBE8nFMFhT0wqir\",\"payment_method_details\":{\"card\":{\"brand\":\"visa\",\"checks\":{\"address_line1_check\":null,\"address_postal_code_check\":null,\"cvc_check\":\"pass\"},\"country\":\"US\",\"exp_month\":12,\"exp_year\":2024,\"fingerprint\":\"dSodWl2UIGk2tDNi\",\"funding\":\"credit\",\"installments\":null,\"last4\":\"4242\",\"mandate\":null,\"network\":\"visa\",\"three_d_secure\":null,\"wallet\":null},\"type\":\"card\"},\"receipt_email\":null,\"receipt_number\":null,\"receipt_url\":\"https:\\/\\/pay.stripe.com\\/receipts\\/payment\\/CAcaFwoVYWNjdF8xTEhrYUlBZ2R4QkU4bkZNKMDa35gGMgbgfMcits46LBZgEGB0-CTxpNjwTgqN8MxbyeIvcwOyVwbaOoef_CaTxHLb4QQHq9mgb6St\",\"refunded\":false,\"refunds\":{\"object\":\"list\",\"data\":[],\"has_more\":false,\"total_count\":0,\"url\":\"\\/v1\\/charges\\/ch_3LfCdHAgdxBE8nFM1aCd2smK\\/refunds\"},\"review\":null,\"shipping\":null,\"source\":{\"id\":\"card_1LfCdGAgdxBE8nFMFhT0wqir\",\"object\":\"card\",\"address_city\":null,\"address_country\":null,\"address_line1\":null,\"address_line1_check\":null,\"address_line2\":null,\"address_state\":null,\"address_zip\":null,\"address_zip_check\":null,\"brand\":\"Visa\",\"country\":\"US\",\"customer\":null,\"cvc_check\":\"pass\",\"dynamic_last4\":null,\"exp_month\":12,\"exp_year\":2024,\"fingerprint\":\"dSodWl2UIGk2tDNi\",\"funding\":\"credit\",\"last4\":\"4242\",\"metadata\":[],\"name\":\"Beta Test\",\"tokenization_method\":null},\"source_transfer\":null,\"statement_descriptor\":null,\"statement_descriptor_suffix\":null,\"status\":\"succeeded\",\"transfer_data\":null,\"transfer_group\":null}',10,1,'2022-09-07 09:00:41'),
(13,1,NULL,NULL,'20220907033910-508','Book Upload','Voucher Payment','Book Upload Payment Using Voucher Code',10,1,'2022-09-07 09:39:10'),
(14,1,NULL,NULL,'20220907035014-499','Book Upload','Voucher Payment','Book Upload Payment Using Voucher Code',10,1,'2022-09-07 09:50:14'),
(15,1,NULL,NULL,'20220907041405-959','Book Upload','Voucher Payment','Book Upload Payment Using Voucher Code',10,1,'2022-09-07 10:14:05'),
(16,1,NULL,NULL,'20220907041906-160','Book Upload','Voucher Payment','Book Upload Payment Using Voucher Code',10,1,'2022-09-07 10:19:06'),
(17,1,NULL,NULL,'20220907042133-897','Book Upload','Voucher Payment','Book Upload Payment Using Voucher Code',10,1,'2022-09-07 10:21:33'),
(18,1,NULL,NULL,'20220907042248-69','Book Upload','Voucher Payment','Book Upload Payment Using Voucher Code',10,1,'2022-09-07 10:22:48'),
(19,1,NULL,NULL,'20220907050708-259','Book Upload','Voucher Payment','Book Upload Payment Using Voucher Code',10,1,'2022-09-07 11:07:08'),
(20,1,NULL,NULL,'20220907054028-410','Book Upload','Voucher Payment','Book Upload Payment Using Voucher Code',10,1,'2022-09-07 11:40:28'),
(21,1,NULL,NULL,'20220907060000-650','Book Upload','Voucher Payment','Book Upload Payment Using Voucher Code',10,1,'2022-09-07 12:00:00'),
(22,1,'test','4242424242424242','20220914100420-113','Credit Purchase','Payment','{\"id\":\"ch_3Lhqa3AgdxBE8nFM12SbxfnM\",\"object\":\"charge\",\"amount\":2500,\"amount_captured\":2500,\"amount_refunded\":0,\"application\":null,\"application_fee\":null,\"application_fee_amount\":null,\"balance_transaction\":\"txn_3Lhqa3AgdxBE8nFM1egwpF1V\",\"billing_details\":{\"address\":{\"city\":null,\"country\":null,\"line1\":null,\"line2\":null,\"postal_code\":null,\"state\":null},\"email\":null,\"name\":\"test\",\"phone\":null},\"calculated_statement_descriptor\":\"Stripe\",\"captured\":true,\"created\":1663142663,\"currency\":\"usd\",\"customer\":null,\"description\":\"Bookocracy Credit Payment\",\"destination\":null,\"dispute\":null,\"disputed\":false,\"failure_balance_transaction\":null,\"failure_code\":null,\"failure_message\":null,\"fraud_details\":[],\"invoice\":null,\"livemode\":false,\"metadata\":{\"order_id\":\"20220914100420-113\"},\"on_behalf_of\":null,\"order\":null,\"outcome\":{\"network_status\":\"approved_by_network\",\"reason\":null,\"risk_level\":\"normal\",\"risk_score\":10,\"seller_message\":\"Payment complete.\",\"type\":\"authorized\"},\"paid\":true,\"payment_intent\":null,\"payment_method\":\"card_1Lhqa1AgdxBE8nFMkA9omVfL\",\"payment_method_details\":{\"card\":{\"brand\":\"visa\",\"checks\":{\"address_line1_check\":null,\"address_postal_code_check\":null,\"cvc_check\":\"pass\"},\"country\":\"US\",\"exp_month\":12,\"exp_year\":2024,\"fingerprint\":\"dSodWl2UIGk2tDNi\",\"funding\":\"credit\",\"installments\":null,\"last4\":\"4242\",\"mandate\":null,\"network\":\"visa\",\"three_d_secure\":null,\"wallet\":null},\"type\":\"card\"},\"receipt_email\":null,\"receipt_number\":null,\"receipt_url\":\"https:\\/\\/pay.stripe.com\\/receipts\\/payment\\/CAcaFwoVYWNjdF8xTEhrYUlBZ2R4QkU4bkZNKIiWhpkGMgbdzO7ysi06LBYRTO4XB7QcUwI3F3ZQmfbGxpwg_S_9FEYB-yQryxnqj4-Coj67HBwKRaOW\",\"refunded\":false,\"refunds\":{\"object\":\"list\",\"data\":[],\"has_more\":false,\"total_count\":0,\"url\":\"\\/v1\\/charges\\/ch_3Lhqa3AgdxBE8nFM12SbxfnM\\/refunds\"},\"review\":null,\"shipping\":null,\"source\":{\"id\":\"card_1Lhqa1AgdxBE8nFMkA9omVfL\",\"object\":\"card\",\"address_city\":null,\"address_country\":null,\"address_line1\":null,\"address_line1_check\":null,\"address_line2\":null,\"address_state\":null,\"address_zip\":null,\"address_zip_check\":null,\"brand\":\"Visa\",\"country\":\"US\",\"customer\":null,\"cvc_check\":\"pass\",\"dynamic_last4\":null,\"exp_month\":12,\"exp_year\":2024,\"fingerprint\":\"dSodWl2UIGk2tDNi\",\"funding\":\"credit\",\"last4\":\"4242\",\"metadata\":[],\"name\":\"test\",\"tokenization_method\":null},\"source_transfer\":null,\"statement_descriptor\":null,\"statement_descriptor_suffix\":null,\"status\":\"succeeded\",\"transfer_data\":null,\"transfer_group\":null}',25,1,'2022-09-14 16:04:23'),
(23,1,'test','4242424242424242','20220914100457-803','Credit Purchase','Payment','{\"id\":\"ch_3LhqadAgdxBE8nFM0wRhjZbQ\",\"object\":\"charge\",\"amount\":2500,\"amount_captured\":2500,\"amount_refunded\":0,\"application\":null,\"application_fee\":null,\"application_fee_amount\":null,\"balance_transaction\":\"txn_3LhqadAgdxBE8nFM0THQQLFA\",\"billing_details\":{\"address\":{\"city\":null,\"country\":null,\"line1\":null,\"line2\":null,\"postal_code\":null,\"state\":null},\"email\":null,\"name\":\"test\",\"phone\":null},\"calculated_statement_descriptor\":\"Stripe\",\"captured\":true,\"created\":1663142699,\"currency\":\"usd\",\"customer\":null,\"description\":\"Bookocracy Credit Payment\",\"destination\":null,\"dispute\":null,\"disputed\":false,\"failure_balance_transaction\":null,\"failure_code\":null,\"failure_message\":null,\"fraud_details\":[],\"invoice\":null,\"livemode\":false,\"metadata\":{\"order_id\":\"20220914100457-803\"},\"on_behalf_of\":null,\"order\":null,\"outcome\":{\"network_status\":\"approved_by_network\",\"reason\":null,\"risk_level\":\"normal\",\"risk_score\":38,\"seller_message\":\"Payment complete.\",\"type\":\"authorized\"},\"paid\":true,\"payment_intent\":null,\"payment_method\":\"card_1LhqacAgdxBE8nFMJk6e3BU1\",\"payment_method_details\":{\"card\":{\"brand\":\"visa\",\"checks\":{\"address_line1_check\":null,\"address_postal_code_check\":null,\"cvc_check\":\"pass\"},\"country\":\"US\",\"exp_month\":12,\"exp_year\":2024,\"fingerprint\":\"dSodWl2UIGk2tDNi\",\"funding\":\"credit\",\"installments\":null,\"last4\":\"4242\",\"mandate\":null,\"network\":\"visa\",\"three_d_secure\":null,\"wallet\":null},\"type\":\"card\"},\"receipt_email\":null,\"receipt_number\":null,\"receipt_url\":\"https:\\/\\/pay.stripe.com\\/receipts\\/payment\\/CAcaFwoVYWNjdF8xTEhrYUlBZ2R4QkU4bkZNKKyWhpkGMgY8HyexyVI6LBbSKDrS6-bnal9rDx0sRkVdULchNoV3-XMcYK-u_SXxp9HrXrsXfpzkvavZ\",\"refunded\":false,\"refunds\":{\"object\":\"list\",\"data\":[],\"has_more\":false,\"total_count\":0,\"url\":\"\\/v1\\/charges\\/ch_3LhqadAgdxBE8nFM0wRhjZbQ\\/refunds\"},\"review\":null,\"shipping\":null,\"source\":{\"id\":\"card_1LhqacAgdxBE8nFMJk6e3BU1\",\"object\":\"card\",\"address_city\":null,\"address_country\":null,\"address_line1\":null,\"address_line1_check\":null,\"address_line2\":null,\"address_state\":null,\"address_zip\":null,\"address_zip_check\":null,\"brand\":\"Visa\",\"country\":\"US\",\"customer\":null,\"cvc_check\":\"pass\",\"dynamic_last4\":null,\"exp_month\":12,\"exp_year\":2024,\"fingerprint\":\"dSodWl2UIGk2tDNi\",\"funding\":\"credit\",\"last4\":\"4242\",\"metadata\":[],\"name\":\"test\",\"tokenization_method\":null},\"source_transfer\":null,\"statement_descriptor\":null,\"statement_descriptor_suffix\":null,\"status\":\"succeeded\",\"transfer_data\":null,\"transfer_group\":null}',25,1,'2022-09-14 16:04:59'),
(24,1,'test','4242424242424242','20220914100535-305','Credit Purchase','Payment','{\"id\":\"ch_3LhqbHAgdxBE8nFM1cKTa8Fm\",\"object\":\"charge\",\"amount\":2500,\"amount_captured\":2500,\"amount_refunded\":0,\"application\":null,\"application_fee\":null,\"application_fee_amount\":null,\"balance_transaction\":\"txn_3LhqbHAgdxBE8nFM19JBGIZ4\",\"billing_details\":{\"address\":{\"city\":null,\"country\":null,\"line1\":null,\"line2\":null,\"postal_code\":null,\"state\":null},\"email\":null,\"name\":\"test\",\"phone\":null},\"calculated_statement_descriptor\":\"Stripe\",\"captured\":true,\"created\":1663142739,\"currency\":\"usd\",\"customer\":null,\"description\":\"Bookocracy Credit Payment\",\"destination\":null,\"dispute\":null,\"disputed\":false,\"failure_balance_transaction\":null,\"failure_code\":null,\"failure_message\":null,\"fraud_details\":[],\"invoice\":null,\"livemode\":false,\"metadata\":{\"order_id\":\"20220914100535-305\"},\"on_behalf_of\":null,\"order\":null,\"outcome\":{\"network_status\":\"approved_by_network\",\"reason\":null,\"risk_level\":\"normal\",\"risk_score\":6,\"seller_message\":\"Payment complete.\",\"type\":\"authorized\"},\"paid\":true,\"payment_intent\":null,\"payment_method\":\"card_1LhqbEAgdxBE8nFM9fE7aLwE\",\"payment_method_details\":{\"card\":{\"brand\":\"visa\",\"checks\":{\"address_line1_check\":null,\"address_postal_code_check\":null,\"cvc_check\":\"pass\"},\"country\":\"US\",\"exp_month\":12,\"exp_year\":2024,\"fingerprint\":\"dSodWl2UIGk2tDNi\",\"funding\":\"credit\",\"installments\":null,\"last4\":\"4242\",\"mandate\":null,\"network\":\"visa\",\"three_d_secure\":null,\"wallet\":null},\"type\":\"card\"},\"receipt_email\":null,\"receipt_number\":null,\"receipt_url\":\"https:\\/\\/pay.stripe.com\\/receipts\\/payment\\/CAcaFwoVYWNjdF8xTEhrYUlBZ2R4QkU4bkZNKNSWhpkGMgaf0YFMiZk6LBaooeWKpJ_uaW16mggzvwdLftThrscaUj3zJ2ouUAbYLCWu5XmAzoyH7qVG\",\"refunded\":false,\"refunds\":{\"object\":\"list\",\"data\":[],\"has_more\":false,\"total_count\":0,\"url\":\"\\/v1\\/charges\\/ch_3LhqbHAgdxBE8nFM1cKTa8Fm\\/refunds\"},\"review\":null,\"shipping\":null,\"source\":{\"id\":\"card_1LhqbEAgdxBE8nFM9fE7aLwE\",\"object\":\"card\",\"address_city\":null,\"address_country\":null,\"address_line1\":null,\"address_line1_check\":null,\"address_line2\":null,\"address_state\":null,\"address_zip\":null,\"address_zip_check\":null,\"brand\":\"Visa\",\"country\":\"US\",\"customer\":null,\"cvc_check\":\"pass\",\"dynamic_last4\":null,\"exp_month\":12,\"exp_year\":2024,\"fingerprint\":\"dSodWl2UIGk2tDNi\",\"funding\":\"credit\",\"last4\":\"4242\",\"metadata\":[],\"name\":\"test\",\"tokenization_method\":null},\"source_transfer\":null,\"statement_descriptor\":null,\"statement_descriptor_suffix\":null,\"status\":\"succeeded\",\"transfer_data\":null,\"transfer_group\":null}',25,1,'2022-09-14 16:05:39'),
(25,1,'test','4242424242424242','20220914100724-416','Credit Purchase','Payment','{\"id\":\"ch_3Lhqd1AgdxBE8nFM1m0xXI5h\",\"object\":\"charge\",\"amount\":2500,\"amount_captured\":2500,\"amount_refunded\":0,\"application\":null,\"application_fee\":null,\"application_fee_amount\":null,\"balance_transaction\":\"txn_3Lhqd1AgdxBE8nFM1acFAkem\",\"billing_details\":{\"address\":{\"city\":null,\"country\":null,\"line1\":null,\"line2\":null,\"postal_code\":null,\"state\":null},\"email\":null,\"name\":\"test\",\"phone\":null},\"calculated_statement_descriptor\":\"Stripe\",\"captured\":true,\"created\":1663142847,\"currency\":\"usd\",\"customer\":null,\"description\":\"Bookocracy Credit Payment\",\"destination\":null,\"dispute\":null,\"disputed\":false,\"failure_balance_transaction\":null,\"failure_code\":null,\"failure_message\":null,\"fraud_details\":[],\"invoice\":null,\"livemode\":false,\"metadata\":{\"order_id\":\"20220914100724-416\"},\"on_behalf_of\":null,\"order\":null,\"outcome\":{\"network_status\":\"approved_by_network\",\"reason\":null,\"risk_level\":\"normal\",\"risk_score\":11,\"seller_message\":\"Payment complete.\",\"type\":\"authorized\"},\"paid\":true,\"payment_intent\":null,\"payment_method\":\"card_1LhqczAgdxBE8nFMjxN7cq0W\",\"payment_method_details\":{\"card\":{\"brand\":\"visa\",\"checks\":{\"address_line1_check\":null,\"address_postal_code_check\":null,\"cvc_check\":\"pass\"},\"country\":\"US\",\"exp_month\":12,\"exp_year\":2024,\"fingerprint\":\"dSodWl2UIGk2tDNi\",\"funding\":\"credit\",\"installments\":null,\"last4\":\"4242\",\"mandate\":null,\"network\":\"visa\",\"three_d_secure\":null,\"wallet\":null},\"type\":\"card\"},\"receipt_email\":null,\"receipt_number\":null,\"receipt_url\":\"https:\\/\\/pay.stripe.com\\/receipts\\/payment\\/CAcaFwoVYWNjdF8xTEhrYUlBZ2R4QkU4bkZNKMCXhpkGMgbCmRyvOjI6LBYESLFyN1OZTGdTKE3o18im9QCKNvV2x8FA29ErKChHemQuF7RjjTGTWgQA\",\"refunded\":false,\"refunds\":{\"object\":\"list\",\"data\":[],\"has_more\":false,\"total_count\":0,\"url\":\"\\/v1\\/charges\\/ch_3Lhqd1AgdxBE8nFM1m0xXI5h\\/refunds\"},\"review\":null,\"shipping\":null,\"source\":{\"id\":\"card_1LhqczAgdxBE8nFMjxN7cq0W\",\"object\":\"card\",\"address_city\":null,\"address_country\":null,\"address_line1\":null,\"address_line1_check\":null,\"address_line2\":null,\"address_state\":null,\"address_zip\":null,\"address_zip_check\":null,\"brand\":\"Visa\",\"country\":\"US\",\"customer\":null,\"cvc_check\":\"pass\",\"dynamic_last4\":null,\"exp_month\":12,\"exp_year\":2024,\"fingerprint\":\"dSodWl2UIGk2tDNi\",\"funding\":\"credit\",\"last4\":\"4242\",\"metadata\":[],\"name\":\"test\",\"tokenization_method\":null},\"source_transfer\":null,\"statement_descriptor\":null,\"statement_descriptor_suffix\":null,\"status\":\"succeeded\",\"transfer_data\":null,\"transfer_group\":null}',25,1,'2022-09-14 16:07:27'),
(26,1,'test','4242424242424242','20220914100843-216','Credit Purchase','Payment','{\"id\":\"ch_3LhqeHAgdxBE8nFM17snaGYp\",\"object\":\"charge\",\"amount\":2500,\"amount_captured\":2500,\"amount_refunded\":0,\"application\":null,\"application_fee\":null,\"application_fee_amount\":null,\"balance_transaction\":\"txn_3LhqeHAgdxBE8nFM1EdgK1aD\",\"billing_details\":{\"address\":{\"city\":null,\"country\":null,\"line1\":null,\"line2\":null,\"postal_code\":null,\"state\":null},\"email\":null,\"name\":\"test\",\"phone\":null},\"calculated_statement_descriptor\":\"Stripe\",\"captured\":true,\"created\":1663142925,\"currency\":\"usd\",\"customer\":null,\"description\":\"Bookocracy Credit Payment\",\"destination\":null,\"dispute\":null,\"disputed\":false,\"failure_balance_transaction\":null,\"failure_code\":null,\"failure_message\":null,\"fraud_details\":[],\"invoice\":null,\"livemode\":false,\"metadata\":{\"order_id\":\"20220914100843-216\"},\"on_behalf_of\":null,\"order\":null,\"outcome\":{\"network_status\":\"approved_by_network\",\"reason\":null,\"risk_level\":\"normal\",\"risk_score\":17,\"seller_message\":\"Payment complete.\",\"type\":\"authorized\"},\"paid\":true,\"payment_intent\":null,\"payment_method\":\"card_1LhqeGAgdxBE8nFMI6IBa3Nu\",\"payment_method_details\":{\"card\":{\"brand\":\"visa\",\"checks\":{\"address_line1_check\":null,\"address_postal_code_check\":null,\"cvc_check\":\"pass\"},\"country\":\"US\",\"exp_month\":12,\"exp_year\":2024,\"fingerprint\":\"dSodWl2UIGk2tDNi\",\"funding\":\"credit\",\"installments\":null,\"last4\":\"4242\",\"mandate\":null,\"network\":\"visa\",\"three_d_secure\":null,\"wallet\":null},\"type\":\"card\"},\"receipt_email\":null,\"receipt_number\":null,\"receipt_url\":\"https:\\/\\/pay.stripe.com\\/receipts\\/payment\\/CAcaFwoVYWNjdF8xTEhrYUlBZ2R4QkU4bkZNKI6YhpkGMgad30L89ks6LBbioJoeZ6a3hnsHndxl1tY-oIgM9jL4obPUCgQAIuFKzXm2jGQFOycAZH0p\",\"refunded\":false,\"refunds\":{\"object\":\"list\",\"data\":[],\"has_more\":false,\"total_count\":0,\"url\":\"\\/v1\\/charges\\/ch_3LhqeHAgdxBE8nFM17snaGYp\\/refunds\"},\"review\":null,\"shipping\":null,\"source\":{\"id\":\"card_1LhqeGAgdxBE8nFMI6IBa3Nu\",\"object\":\"card\",\"address_city\":null,\"address_country\":null,\"address_line1\":null,\"address_line1_check\":null,\"address_line2\":null,\"address_state\":null,\"address_zip\":null,\"address_zip_check\":null,\"brand\":\"Visa\",\"country\":\"US\",\"customer\":null,\"cvc_check\":\"pass\",\"dynamic_last4\":null,\"exp_month\":12,\"exp_year\":2024,\"fingerprint\":\"dSodWl2UIGk2tDNi\",\"funding\":\"credit\",\"last4\":\"4242\",\"metadata\":[],\"name\":\"test\",\"tokenization_method\":null},\"source_transfer\":null,\"statement_descriptor\":null,\"statement_descriptor_suffix\":null,\"status\":\"succeeded\",\"transfer_data\":null,\"transfer_group\":null}',25,1,'2022-09-14 16:08:45'),
(27,1,'test','4242424242424242','20220914100915-145','Credit Purchase','Payment','{\"id\":\"ch_3LhqenAgdxBE8nFM1EqjGexX\",\"object\":\"charge\",\"amount\":2500,\"amount_captured\":2500,\"amount_refunded\":0,\"application\":null,\"application_fee\":null,\"application_fee_amount\":null,\"balance_transaction\":\"txn_3LhqenAgdxBE8nFM1e1wyzGz\",\"billing_details\":{\"address\":{\"city\":null,\"country\":null,\"line1\":null,\"line2\":null,\"postal_code\":null,\"state\":null},\"email\":null,\"name\":\"test\",\"phone\":null},\"calculated_statement_descriptor\":\"Stripe\",\"captured\":true,\"created\":1663142957,\"currency\":\"usd\",\"customer\":null,\"description\":\"Bookocracy Credit Payment\",\"destination\":null,\"dispute\":null,\"disputed\":false,\"failure_balance_transaction\":null,\"failure_code\":null,\"failure_message\":null,\"fraud_details\":[],\"invoice\":null,\"livemode\":false,\"metadata\":{\"order_id\":\"20220914100915-145\"},\"on_behalf_of\":null,\"order\":null,\"outcome\":{\"network_status\":\"approved_by_network\",\"reason\":null,\"risk_level\":\"normal\",\"risk_score\":39,\"seller_message\":\"Payment complete.\",\"type\":\"authorized\"},\"paid\":true,\"payment_intent\":null,\"payment_method\":\"card_1LhqemAgdxBE8nFM5jU3XTRg\",\"payment_method_details\":{\"card\":{\"brand\":\"visa\",\"checks\":{\"address_line1_check\":null,\"address_postal_code_check\":null,\"cvc_check\":\"pass\"},\"country\":\"US\",\"exp_month\":12,\"exp_year\":2024,\"fingerprint\":\"dSodWl2UIGk2tDNi\",\"funding\":\"credit\",\"installments\":null,\"last4\":\"4242\",\"mandate\":null,\"network\":\"visa\",\"three_d_secure\":null,\"wallet\":null},\"type\":\"card\"},\"receipt_email\":null,\"receipt_number\":null,\"receipt_url\":\"https:\\/\\/pay.stripe.com\\/receipts\\/payment\\/CAcaFwoVYWNjdF8xTEhrYUlBZ2R4QkU4bkZNKK6YhpkGMgasC0GIoso6LBYCzOXNRoA_B9Ap4Ax6J_vW4emifB4VXDr-gqRL_IM93g6JSQSm-rB3Lp8o\",\"refunded\":false,\"refunds\":{\"object\":\"list\",\"data\":[],\"has_more\":false,\"total_count\":0,\"url\":\"\\/v1\\/charges\\/ch_3LhqenAgdxBE8nFM1EqjGexX\\/refunds\"},\"review\":null,\"shipping\":null,\"source\":{\"id\":\"card_1LhqemAgdxBE8nFM5jU3XTRg\",\"object\":\"card\",\"address_city\":null,\"address_country\":null,\"address_line1\":null,\"address_line1_check\":null,\"address_line2\":null,\"address_state\":null,\"address_zip\":null,\"address_zip_check\":null,\"brand\":\"Visa\",\"country\":\"US\",\"customer\":null,\"cvc_check\":\"pass\",\"dynamic_last4\":null,\"exp_month\":12,\"exp_year\":2024,\"fingerprint\":\"dSodWl2UIGk2tDNi\",\"funding\":\"credit\",\"last4\":\"4242\",\"metadata\":[],\"name\":\"test\",\"tokenization_method\":null},\"source_transfer\":null,\"statement_descriptor\":null,\"statement_descriptor_suffix\":null,\"status\":\"succeeded\",\"transfer_data\":null,\"transfer_group\":null}',25,1,'2022-09-14 16:09:17'),
(28,1,'test','4242424242424242','20220914101516-788','Credit Purchase','Payment','{\"id\":\"ch_3LhqkdAgdxBE8nFM1qoQAzBv\",\"object\":\"charge\",\"amount\":2500,\"amount_captured\":2500,\"amount_refunded\":0,\"application\":null,\"application_fee\":null,\"application_fee_amount\":null,\"balance_transaction\":\"txn_3LhqkdAgdxBE8nFM1U6I2mzY\",\"billing_details\":{\"address\":{\"city\":null,\"country\":null,\"line1\":null,\"line2\":null,\"postal_code\":null,\"state\":null},\"email\":null,\"name\":\"test\",\"phone\":null},\"calculated_statement_descriptor\":\"Stripe\",\"captured\":true,\"created\":1663143319,\"currency\":\"usd\",\"customer\":null,\"description\":\"Bookocracy Credit Payment\",\"destination\":null,\"dispute\":null,\"disputed\":false,\"failure_balance_transaction\":null,\"failure_code\":null,\"failure_message\":null,\"fraud_details\":[],\"invoice\":null,\"livemode\":false,\"metadata\":{\"order_id\":\"20220914101516-788\"},\"on_behalf_of\":null,\"order\":null,\"outcome\":{\"network_status\":\"approved_by_network\",\"reason\":null,\"risk_level\":\"normal\",\"risk_score\":61,\"seller_message\":\"Payment complete.\",\"type\":\"authorized\"},\"paid\":true,\"payment_intent\":null,\"payment_method\":\"card_1LhqkbAgdxBE8nFMQElr9j6z\",\"payment_method_details\":{\"card\":{\"brand\":\"visa\",\"checks\":{\"address_line1_check\":null,\"address_postal_code_check\":null,\"cvc_check\":\"pass\"},\"country\":\"US\",\"exp_month\":12,\"exp_year\":2024,\"fingerprint\":\"dSodWl2UIGk2tDNi\",\"funding\":\"credit\",\"installments\":null,\"last4\":\"4242\",\"mandate\":null,\"network\":\"visa\",\"three_d_secure\":null,\"wallet\":null},\"type\":\"card\"},\"receipt_email\":null,\"receipt_number\":null,\"receipt_url\":\"https:\\/\\/pay.stripe.com\\/receipts\\/payment\\/CAcaFwoVYWNjdF8xTEhrYUlBZ2R4QkU4bkZNKJibhpkGMgbCtX4_Qjk6LBbodxHpgmJbnlH8-QwL-xYOu_JoLkjQKX84Kz7KimOa2dLl5KaG-ssqilCP\",\"refunded\":false,\"refunds\":{\"object\":\"list\",\"data\":[],\"has_more\":false,\"total_count\":0,\"url\":\"\\/v1\\/charges\\/ch_3LhqkdAgdxBE8nFM1qoQAzBv\\/refunds\"},\"review\":null,\"shipping\":null,\"source\":{\"id\":\"card_1LhqkbAgdxBE8nFMQElr9j6z\",\"object\":\"card\",\"address_city\":null,\"address_country\":null,\"address_line1\":null,\"address_line1_check\":null,\"address_line2\":null,\"address_state\":null,\"address_zip\":null,\"address_zip_check\":null,\"brand\":\"Visa\",\"country\":\"US\",\"customer\":null,\"cvc_check\":\"pass\",\"dynamic_last4\":null,\"exp_month\":12,\"exp_year\":2024,\"fingerprint\":\"dSodWl2UIGk2tDNi\",\"funding\":\"credit\",\"last4\":\"4242\",\"metadata\":[],\"name\":\"test\",\"tokenization_method\":null},\"source_transfer\":null,\"statement_descriptor\":null,\"statement_descriptor_suffix\":null,\"status\":\"succeeded\",\"transfer_data\":null,\"transfer_group\":null}',25,1,'2022-09-14 16:15:18'),
(29,1,'','4242424242424242','20220914105833-584','Book Upload','Payment','{\"id\":\"ch_3LhrQVAgdxBE8nFM13nMUhn2\",\"object\":\"charge\",\"amount\":1000,\"amount_captured\":1000,\"amount_refunded\":0,\"application\":null,\"application_fee\":null,\"application_fee_amount\":null,\"balance_transaction\":\"txn_3LhrQVAgdxBE8nFM1xPIqmVI\",\"billing_details\":{\"address\":{\"city\":null,\"country\":null,\"line1\":null,\"line2\":null,\"postal_code\":null,\"state\":null},\"email\":null,\"name\":\"\",\"phone\":null},\"calculated_statement_descriptor\":\"Stripe\",\"captured\":true,\"created\":1663145915,\"currency\":\"usd\",\"customer\":null,\"description\":\"Bookocracy Book Upload Payment\",\"destination\":null,\"dispute\":null,\"disputed\":false,\"failure_balance_transaction\":null,\"failure_code\":null,\"failure_message\":null,\"fraud_details\":[],\"invoice\":null,\"livemode\":false,\"metadata\":{\"order_id\":\"20220914105833-584\"},\"on_behalf_of\":null,\"order\":null,\"outcome\":{\"network_status\":\"approved_by_network\",\"reason\":null,\"risk_level\":\"normal\",\"risk_score\":51,\"seller_message\":\"Payment complete.\",\"type\":\"authorized\"},\"paid\":true,\"payment_intent\":null,\"payment_method\":\"card_1LhrQUAgdxBE8nFMN5E8v0c5\",\"payment_method_details\":{\"card\":{\"brand\":\"visa\",\"checks\":{\"address_line1_check\":null,\"address_postal_code_check\":null,\"cvc_check\":\"pass\"},\"country\":\"US\",\"exp_month\":12,\"exp_year\":2033,\"fingerprint\":\"dSodWl2UIGk2tDNi\",\"funding\":\"credit\",\"installments\":null,\"last4\":\"4242\",\"mandate\":null,\"network\":\"visa\",\"three_d_secure\":null,\"wallet\":null},\"type\":\"card\"},\"receipt_email\":null,\"receipt_number\":null,\"receipt_url\":\"https:\\/\\/pay.stripe.com\\/receipts\\/payment\\/CAcaFwoVYWNjdF8xTEhrYUlBZ2R4QkU4bkZNKLyvhpkGMgaQfG-ekFs6LBb39habmXFqFNxs7WmjGx-cixWeQi27VXa4ascpc7jP2-J4b7M8KxQz7bBh\",\"refunded\":false,\"refunds\":{\"object\":\"list\",\"data\":[],\"has_more\":false,\"total_count\":0,\"url\":\"\\/v1\\/charges\\/ch_3LhrQVAgdxBE8nFM13nMUhn2\\/refunds\"},\"review\":null,\"shipping\":null,\"source\":{\"id\":\"card_1LhrQUAgdxBE8nFMN5E8v0c5\",\"object\":\"card\",\"address_city\":null,\"address_country\":null,\"address_line1\":null,\"address_line1_check\":null,\"address_line2\":null,\"address_state\":null,\"address_zip\":null,\"address_zip_check\":null,\"brand\":\"Visa\",\"country\":\"US\",\"customer\":null,\"cvc_check\":\"pass\",\"dynamic_last4\":null,\"exp_month\":12,\"exp_year\":2033,\"fingerprint\":\"dSodWl2UIGk2tDNi\",\"funding\":\"credit\",\"last4\":\"4242\",\"metadata\":[],\"name\":\"\",\"tokenization_method\":null},\"source_transfer\":null,\"statement_descriptor\":null,\"statement_descriptor_suffix\":null,\"status\":\"succeeded\",\"transfer_data\":null,\"transfer_group\":null}',10,1,'2022-09-14 16:58:35'),
(30,1,'4242 4242 4242 4242','4242424242424242','20220914105956-726','Book Upload','Payment','{\"id\":\"ch_3LhrRqAgdxBE8nFM02e6NThb\",\"object\":\"charge\",\"amount\":1000,\"amount_captured\":1000,\"amount_refunded\":0,\"application\":null,\"application_fee\":null,\"application_fee_amount\":null,\"balance_transaction\":\"txn_3LhrRqAgdxBE8nFM0W3zDDRB\",\"billing_details\":{\"address\":{\"city\":null,\"country\":null,\"line1\":null,\"line2\":null,\"postal_code\":null,\"state\":null},\"email\":null,\"name\":\"4242 4242 4242 4242\",\"phone\":null},\"calculated_statement_descriptor\":\"Stripe\",\"captured\":true,\"created\":1663145998,\"currency\":\"usd\",\"customer\":null,\"description\":\"Bookocracy Book Upload Payment\",\"destination\":null,\"dispute\":null,\"disputed\":false,\"failure_balance_transaction\":null,\"failure_code\":null,\"failure_message\":null,\"fraud_details\":[],\"invoice\":null,\"livemode\":false,\"metadata\":{\"order_id\":\"20220914105956-726\"},\"on_behalf_of\":null,\"order\":null,\"outcome\":{\"network_status\":\"approved_by_network\",\"reason\":null,\"risk_level\":\"normal\",\"risk_score\":39,\"seller_message\":\"Payment complete.\",\"type\":\"authorized\"},\"paid\":true,\"payment_intent\":null,\"payment_method\":\"card_1LhrRpAgdxBE8nFM7n8qdWLU\",\"payment_method_details\":{\"card\":{\"brand\":\"visa\",\"checks\":{\"address_line1_check\":null,\"address_postal_code_check\":null,\"cvc_check\":\"pass\"},\"country\":\"US\",\"exp_month\":12,\"exp_year\":2022,\"fingerprint\":\"dSodWl2UIGk2tDNi\",\"funding\":\"credit\",\"installments\":null,\"last4\":\"4242\",\"mandate\":null,\"network\":\"visa\",\"three_d_secure\":null,\"wallet\":null},\"type\":\"card\"},\"receipt_email\":null,\"receipt_number\":null,\"receipt_url\":\"https:\\/\\/pay.stripe.com\\/receipts\\/payment\\/CAcaFwoVYWNjdF8xTEhrYUlBZ2R4QkU4bkZNKI-whpkGMgbaYsGZA2I6LBa7FS7-8CjaVrr-eY5xMjPmvjdocEDjeZN8O-So8GkHH5g2titO8-Y_q7eJ\",\"refunded\":false,\"refunds\":{\"object\":\"list\",\"data\":[],\"has_more\":false,\"total_count\":0,\"url\":\"\\/v1\\/charges\\/ch_3LhrRqAgdxBE8nFM02e6NThb\\/refunds\"},\"review\":null,\"shipping\":null,\"source\":{\"id\":\"card_1LhrRpAgdxBE8nFM7n8qdWLU\",\"object\":\"card\",\"address_city\":null,\"address_country\":null,\"address_line1\":null,\"address_line1_check\":null,\"address_line2\":null,\"address_state\":null,\"address_zip\":null,\"address_zip_check\":null,\"brand\":\"Visa\",\"country\":\"US\",\"customer\":null,\"cvc_check\":\"pass\",\"dynamic_last4\":null,\"exp_month\":12,\"exp_year\":2022,\"fingerprint\":\"dSodWl2UIGk2tDNi\",\"funding\":\"credit\",\"last4\":\"4242\",\"metadata\":[],\"name\":\"4242 4242 4242 4242\",\"tokenization_method\":null},\"source_transfer\":null,\"statement_descriptor\":null,\"statement_descriptor_suffix\":null,\"status\":\"succeeded\",\"transfer_data\":null,\"transfer_group\":null}',10,1,'2022-09-14 16:59:58'),
(31,1,'1asd','4242424242424242','20220914112253-902','Book Upload','Payment','{\"id\":\"ch_3Lhro3AgdxBE8nFM03WAq3YD\",\"object\":\"charge\",\"amount\":1000,\"amount_captured\":1000,\"amount_refunded\":0,\"application\":null,\"application_fee\":null,\"application_fee_amount\":null,\"balance_transaction\":\"txn_3Lhro3AgdxBE8nFM0W3nPgTP\",\"billing_details\":{\"address\":{\"city\":null,\"country\":null,\"line1\":null,\"line2\":null,\"postal_code\":null,\"state\":null},\"email\":null,\"name\":\"1asd\",\"phone\":null},\"calculated_statement_descriptor\":\"Stripe\",\"captured\":true,\"created\":1663147375,\"currency\":\"usd\",\"customer\":null,\"description\":\"Bookocracy Book Upload Payment\",\"destination\":null,\"dispute\":null,\"disputed\":false,\"failure_balance_transaction\":null,\"failure_code\":null,\"failure_message\":null,\"fraud_details\":[],\"invoice\":null,\"livemode\":false,\"metadata\":{\"order_id\":\"20220914112253-902\"},\"on_behalf_of\":null,\"order\":null,\"outcome\":{\"network_status\":\"approved_by_network\",\"reason\":null,\"risk_level\":\"normal\",\"risk_score\":53,\"seller_message\":\"Payment complete.\",\"type\":\"authorized\"},\"paid\":true,\"payment_intent\":null,\"payment_method\":\"card_1Lhro2AgdxBE8nFM3f0A5bZw\",\"payment_method_details\":{\"card\":{\"brand\":\"visa\",\"checks\":{\"address_line1_check\":null,\"address_postal_code_check\":null,\"cvc_check\":\"pass\"},\"country\":\"US\",\"exp_month\":12,\"exp_year\":2022,\"fingerprint\":\"dSodWl2UIGk2tDNi\",\"funding\":\"credit\",\"installments\":null,\"last4\":\"4242\",\"mandate\":null,\"network\":\"visa\",\"three_d_secure\":null,\"wallet\":null},\"type\":\"card\"},\"receipt_email\":null,\"receipt_number\":null,\"receipt_url\":\"https:\\/\\/pay.stripe.com\\/receipts\\/payment\\/CAcaFwoVYWNjdF8xTEhrYUlBZ2R4QkU4bkZNKPC6hpkGMga-wc7ON6c6LBYNdn9lJ1uUDi2lu__jDDvKEI6HMp0MWqFQV-PHpec8H9pfIwyC1EIQjGZ0\",\"refunded\":false,\"refunds\":{\"object\":\"list\",\"data\":[],\"has_more\":false,\"total_count\":0,\"url\":\"\\/v1\\/charges\\/ch_3Lhro3AgdxBE8nFM03WAq3YD\\/refunds\"},\"review\":null,\"shipping\":null,\"source\":{\"id\":\"card_1Lhro2AgdxBE8nFM3f0A5bZw\",\"object\":\"card\",\"address_city\":null,\"address_country\":null,\"address_line1\":null,\"address_line1_check\":null,\"address_line2\":null,\"address_state\":null,\"address_zip\":null,\"address_zip_check\":null,\"brand\":\"Visa\",\"country\":\"US\",\"customer\":null,\"cvc_check\":\"pass\",\"dynamic_last4\":null,\"exp_month\":12,\"exp_year\":2022,\"fingerprint\":\"dSodWl2UIGk2tDNi\",\"funding\":\"credit\",\"last4\":\"4242\",\"metadata\":[],\"name\":\"1asd\",\"tokenization_method\":null},\"source_transfer\":null,\"statement_descriptor\":null,\"statement_descriptor_suffix\":null,\"status\":\"succeeded\",\"transfer_data\":null,\"transfer_group\":null}',10,1,'2022-09-14 17:22:55'),
(32,1,'Justine Jusi','4242424242424242','20220914183729-839','Credit Purchase','Payment','{\"id\":\"ch_3LhyaeAgdxBE8nFM08SaoIio\",\"object\":\"charge\",\"amount\":2500,\"amount_captured\":2500,\"amount_refunded\":0,\"application\":null,\"application_fee\":null,\"application_fee_amount\":null,\"balance_transaction\":\"txn_3LhyaeAgdxBE8nFM0rzpTsUM\",\"billing_details\":{\"address\":{\"city\":null,\"country\":null,\"line1\":null,\"line2\":null,\"postal_code\":null,\"state\":null},\"email\":null,\"name\":\"Justine Jusi\",\"phone\":null},\"calculated_statement_descriptor\":\"Stripe\",\"captured\":true,\"created\":1663173452,\"currency\":\"usd\",\"customer\":null,\"description\":\"Bookocracy Credit Payment\",\"destination\":null,\"dispute\":null,\"disputed\":false,\"failure_balance_transaction\":null,\"failure_code\":null,\"failure_message\":null,\"fraud_details\":[],\"invoice\":null,\"livemode\":false,\"metadata\":{\"order_id\":\"20220914183729-839\"},\"on_behalf_of\":null,\"order\":null,\"outcome\":{\"network_status\":\"approved_by_network\",\"reason\":null,\"risk_level\":\"normal\",\"risk_score\":54,\"seller_message\":\"Payment complete.\",\"type\":\"authorized\"},\"paid\":true,\"payment_intent\":null,\"payment_method\":\"card_1LhyacAgdxBE8nFM5ZK3yClf\",\"payment_method_details\":{\"card\":{\"brand\":\"visa\",\"checks\":{\"address_line1_check\":null,\"address_postal_code_check\":null,\"cvc_check\":\"pass\"},\"country\":\"US\",\"exp_month\":12,\"exp_year\":2023,\"fingerprint\":\"dSodWl2UIGk2tDNi\",\"funding\":\"credit\",\"installments\":null,\"last4\":\"4242\",\"mandate\":null,\"network\":\"visa\",\"three_d_secure\":null,\"wallet\":null},\"type\":\"card\"},\"receipt_email\":null,\"receipt_number\":null,\"receipt_url\":\"https:\\/\\/pay.stripe.com\\/receipts\\/payment\\/CAcaFwoVYWNjdF8xTEhrYUlBZ2R4QkU4bkZNKMyGiJkGMgbxMXqN0bg6LBaCjx5O1KlpxU0GvQ1x6U4CVn0Xtn1NApqts0xWRaEK-ojrcTgJngRLvM2m\",\"refunded\":false,\"refunds\":{\"object\":\"list\",\"data\":[],\"has_more\":false,\"total_count\":0,\"url\":\"\\/v1\\/charges\\/ch_3LhyaeAgdxBE8nFM08SaoIio\\/refunds\"},\"review\":null,\"shipping\":null,\"source\":{\"id\":\"card_1LhyacAgdxBE8nFM5ZK3yClf\",\"object\":\"card\",\"address_city\":null,\"address_country\":null,\"address_line1\":null,\"address_line1_check\":null,\"address_line2\":null,\"address_state\":null,\"address_zip\":null,\"address_zip_check\":null,\"brand\":\"Visa\",\"country\":\"US\",\"customer\":null,\"cvc_check\":\"pass\",\"dynamic_last4\":null,\"exp_month\":12,\"exp_year\":2023,\"fingerprint\":\"dSodWl2UIGk2tDNi\",\"funding\":\"credit\",\"last4\":\"4242\",\"metadata\":[],\"name\":\"Justine Jusi\",\"tokenization_method\":null},\"source_transfer\":null,\"statement_descriptor\":null,\"statement_descriptor_suffix\":null,\"status\":\"succeeded\",\"transfer_data\":null,\"transfer_group\":null}',25,1,'2022-09-15 00:37:30'),
(33,1,'Justine Jusi','4242424242424242','20220914184158-89','Book Upload','Payment','{\"id\":\"ch_3LhyezAgdxBE8nFM1i2SIWLX\",\"object\":\"charge\",\"amount\":1000,\"amount_captured\":1000,\"amount_refunded\":0,\"application\":null,\"application_fee\":null,\"application_fee_amount\":null,\"balance_transaction\":\"txn_3LhyezAgdxBE8nFM1YyaYfp1\",\"billing_details\":{\"address\":{\"city\":null,\"country\":null,\"line1\":null,\"line2\":null,\"postal_code\":null,\"state\":null},\"email\":null,\"name\":\"Justine Jusi\",\"phone\":null},\"calculated_statement_descriptor\":\"Stripe\",\"captured\":true,\"created\":1663173721,\"currency\":\"usd\",\"customer\":null,\"description\":\"Bookocracy Book Upload Payment\",\"destination\":null,\"dispute\":null,\"disputed\":false,\"failure_balance_transaction\":null,\"failure_code\":null,\"failure_message\":null,\"fraud_details\":[],\"invoice\":null,\"livemode\":false,\"metadata\":{\"order_id\":\"20220914184158-89\"},\"on_behalf_of\":null,\"order\":null,\"outcome\":{\"network_status\":\"approved_by_network\",\"reason\":null,\"risk_level\":\"normal\",\"risk_score\":37,\"seller_message\":\"Payment complete.\",\"type\":\"authorized\"},\"paid\":true,\"payment_intent\":null,\"payment_method\":\"card_1LhyeyAgdxBE8nFMzcbrfAtr\",\"payment_method_details\":{\"card\":{\"brand\":\"visa\",\"checks\":{\"address_line1_check\":null,\"address_postal_code_check\":null,\"cvc_check\":\"pass\"},\"country\":\"US\",\"exp_month\":12,\"exp_year\":2023,\"fingerprint\":\"dSodWl2UIGk2tDNi\",\"funding\":\"credit\",\"installments\":null,\"last4\":\"4242\",\"mandate\":null,\"network\":\"visa\",\"three_d_secure\":null,\"wallet\":null},\"type\":\"card\"},\"receipt_email\":null,\"receipt_number\":null,\"receipt_url\":\"https:\\/\\/pay.stripe.com\\/receipts\\/payment\\/CAcaFwoVYWNjdF8xTEhrYUlBZ2R4QkU4bkZNKNuIiJkGMgZ1Sp50eWM6LBYTZj54ITjDh911m7N8OTLT405gobn8neC1UhZ3jD4fj9rAmXPvuA1a8mxf\",\"refunded\":false,\"refunds\":{\"object\":\"list\",\"data\":[],\"has_more\":false,\"total_count\":0,\"url\":\"\\/v1\\/charges\\/ch_3LhyezAgdxBE8nFM1i2SIWLX\\/refunds\"},\"review\":null,\"shipping\":null,\"source\":{\"id\":\"card_1LhyeyAgdxBE8nFMzcbrfAtr\",\"object\":\"card\",\"address_city\":null,\"address_country\":null,\"address_line1\":null,\"address_line1_check\":null,\"address_line2\":null,\"address_state\":null,\"address_zip\":null,\"address_zip_check\":null,\"brand\":\"Visa\",\"country\":\"US\",\"customer\":null,\"cvc_check\":\"pass\",\"dynamic_last4\":null,\"exp_month\":12,\"exp_year\":2023,\"fingerprint\":\"dSodWl2UIGk2tDNi\",\"funding\":\"credit\",\"last4\":\"4242\",\"metadata\":[],\"name\":\"Justine Jusi\",\"tokenization_method\":null},\"source_transfer\":null,\"statement_descriptor\":null,\"statement_descriptor_suffix\":null,\"status\":\"succeeded\",\"transfer_data\":null,\"transfer_group\":null}',10,1,'2022-09-15 00:42:00'),
(34,10,NULL,NULL,'20220916202030-364','Book Upload','Voucher Payment','Book Upload Payment Using Voucher Code',10,1,'2022-09-17 02:20:31'),
(35,1,'1123','4242424242424242','20220919161801-262','Book Upload','Payment','{\"id\":\"ch_3LjknTAgdxBE8nFM1g6PBuqI\",\"object\":\"charge\",\"amount\":1000,\"amount_captured\":1000,\"amount_refunded\":0,\"application\":null,\"application_fee\":null,\"application_fee_amount\":null,\"balance_transaction\":\"txn_3LjknTAgdxBE8nFM1jzCHi2h\",\"billing_details\":{\"address\":{\"city\":null,\"country\":null,\"line1\":null,\"line2\":null,\"postal_code\":null,\"state\":null},\"email\":null,\"name\":\"1123\",\"phone\":null},\"calculated_statement_descriptor\":\"Stripe\",\"captured\":true,\"created\":1663597087,\"currency\":\"usd\",\"customer\":null,\"description\":\"Bookocracy Book Upload Payment\",\"destination\":null,\"dispute\":null,\"disputed\":false,\"failure_balance_transaction\":null,\"failure_code\":null,\"failure_message\":null,\"fraud_details\":[],\"invoice\":null,\"livemode\":false,\"metadata\":{\"order_id\":\"20220919161801-262\"},\"on_behalf_of\":null,\"order\":null,\"outcome\":{\"network_status\":\"approved_by_network\",\"reason\":null,\"risk_level\":\"normal\",\"risk_score\":37,\"seller_message\":\"Payment complete.\",\"type\":\"authorized\"},\"paid\":true,\"payment_intent\":null,\"payment_method\":\"card_1LjknRAgdxBE8nFMQOAkrOBU\",\"payment_method_details\":{\"card\":{\"brand\":\"visa\",\"checks\":{\"address_line1_check\":null,\"address_postal_code_check\":null,\"cvc_check\":\"pass\"},\"country\":\"US\",\"exp_month\":1,\"exp_year\":2024,\"fingerprint\":\"dSodWl2UIGk2tDNi\",\"funding\":\"credit\",\"installments\":null,\"last4\":\"4242\",\"mandate\":null,\"network\":\"visa\",\"three_d_secure\":null,\"wallet\":null},\"type\":\"card\"},\"receipt_email\":null,\"receipt_number\":null,\"receipt_url\":\"https:\\/\\/pay.stripe.com\\/receipts\\/payment\\/CAcaFwoVYWNjdF8xTEhrYUlBZ2R4QkU4bkZNKKD0oZkGMgZCXCAR7RI6LBa0mlm0v_REOadzcSt4FzkR2WFL9CcIp29WqKMkenK0BaTIoIgsxK63I0of\",\"refunded\":false,\"refunds\":{\"object\":\"list\",\"data\":[],\"has_more\":false,\"total_count\":0,\"url\":\"\\/v1\\/charges\\/ch_3LjknTAgdxBE8nFM1g6PBuqI\\/refunds\"},\"review\":null,\"shipping\":null,\"source\":{\"id\":\"card_1LjknRAgdxBE8nFMQOAkrOBU\",\"object\":\"card\",\"address_city\":null,\"address_country\":null,\"address_line1\":null,\"address_line1_check\":null,\"address_line2\":null,\"address_state\":null,\"address_zip\":null,\"address_zip_check\":null,\"brand\":\"Visa\",\"country\":\"US\",\"customer\":null,\"cvc_check\":\"pass\",\"dynamic_last4\":null,\"exp_month\":1,\"exp_year\":2024,\"fingerprint\":\"dSodWl2UIGk2tDNi\",\"funding\":\"credit\",\"last4\":\"4242\",\"metadata\":[],\"name\":\"1123\",\"tokenization_method\":null},\"source_transfer\":null,\"statement_descriptor\":null,\"statement_descriptor_suffix\":null,\"status\":\"succeeded\",\"transfer_data\":null,\"transfer_group\":null}',10,1,'2022-09-19 22:18:03');

/*Table structure for table `users` */

DROP TABLE IF EXISTS `users`;

CREATE TABLE `users` (
  `id` int(11) NOT NULL AUTO_INCREMENT,
  `email` varchar(40) NOT NULL,
  `password` varchar(40) NOT NULL,
  `fname` varchar(100) NOT NULL,
  PRIMARY KEY (`id`)
) ENGINE=InnoDB AUTO_INCREMENT=3 DEFAULT CHARSET=latin1;

/*Data for the table `users` */

insert  into `users`(`id`,`email`,`password`,`fname`) values 
(1,'ndevierte@gmail.com','nurhodelta','Neovic Devierte'),
(2,'gemalyn@gmail.com','cepe','Gemalyn Cepe');

/*Table structure for table `vote` */

DROP TABLE IF EXISTS `vote`;

CREATE TABLE `vote` (
  `VID` int(11) NOT NULL AUTO_INCREMENT,
  `AID` int(11) NOT NULL,
  `Book_ID` int(11) NOT NULL,
  `Vote_Value` int(11) NOT NULL,
  `Vote_Date` datetime NOT NULL DEFAULT current_timestamp(),
  PRIMARY KEY (`VID`)
) ENGINE=InnoDB AUTO_INCREMENT=5 DEFAULT CHARSET=latin1;

/*Data for the table `vote` */

insert  into `vote`(`VID`,`AID`,`Book_ID`,`Vote_Value`,`Vote_Date`) values 
(2,3,6,1,'2022-09-16 21:27:27'),
(3,10,3,3,'2022-09-17 02:05:54'),
(4,3,6,3,'2022-09-23 22:18:25');

/*Table structure for table `waitlist` */

DROP TABLE IF EXISTS `waitlist`;

CREATE TABLE `waitlist` (
  `WID` int(11) NOT NULL AUTO_INCREMENT,
  `Full_Name` varchar(50) DEFAULT NULL,
  `Email` varchar(25) NOT NULL,
  `DateTime` datetime NOT NULL DEFAULT current_timestamp(),
  PRIMARY KEY (`WID`)
) ENGINE=InnoDB AUTO_INCREMENT=7 DEFAULT CHARSET=latin1;

/*Data for the table `waitlist` */

insert  into `waitlist`(`WID`,`Full_Name`,`Email`,`DateTime`) values 
(1,'123','sample@gmail.com','2022-09-09 01:23:26'),
(2,'Asd','sample1@gmail.com','2022-09-09 01:57:40'),
(3,'1','sample111@gmail.com','2022-09-09 01:59:52'),
(4,'1','sample0@gmail.com','2022-09-09 02:01:13'),
(5,'1','123sample@gmail.com','2022-09-09 02:05:02'),
(6,'1','0sample@gmail.com','2022-09-09 02:44:25');

/*!40101 SET SQL_MODE=@OLD_SQL_MODE */;
/*!40014 SET FOREIGN_KEY_CHECKS=@OLD_FOREIGN_KEY_CHECKS */;
/*!40014 SET UNIQUE_CHECKS=@OLD_UNIQUE_CHECKS */;
/*!40111 SET SQL_NOTES=@OLD_SQL_NOTES */;
